player_id,team,nationality,birth_date,age,height,preferred_foot,position,shirt_number,market_value,pos,positions
1093119,Aldosivi,ARG,15 nov 2000,24 años,186 cm,Derecho,F,9,415K €,[],[]
1213809,Aldosivi,ARG,27 mar 2001,23 años,184 cm,Derecho,F,7,230K €,[],[]
1182395,Aldosivi,ARG,24 ene 2001,23 años,171 cm,Ambos,F,21,93K €,[],[]
1184852,Aldosivi,ARG,2 jun 2003,21 años,164 cm,F,17,ARG,69K €,[],[]
941078,Aldosivi,ARG,27 jul 1997,27 años,185 cm,Derecho,F,22,325K €,[],[]
939935,Aldosivi,ARG,12 dic 1998,25 años,178 cm,Derecho,M,11,360K €,[],[]
1467315,Aldosivi,ARG,5 may 2003,21 años,184 cm,Izquierdo,M,7,340K €,[],[]
1086999,Aldosivi,ARG,3 oct 2000,24 años,176 cm,Derecho,M,8,145K €,[],[]
1065614,Aldosivi,ARG,15 nov 2000,24 años,170 cm,Derecho,M,ARG,465K €,[],[]
1048283,Aldosivi,ARG,11 ago 1999,25 años,172 cm,Derecho,M,10,195K €,[],[]
1087031,Aldosivi,ARG,12 feb 2001,23 años,185 cm,Derecho,M,19,145K €,[],[]
1087512,Aldosivi,ARG,23 ene 2002,22 años,173 cm,Derecho,M,18,145K €,[],[]
1117077,Aldosivi,ARG,14 ene 2003,21 años,176 cm,Derecho,M,5,180K €,[],[]
989861,Aldosivi,ARG,8 sept 2000,24 años,172 cm,Derecho,M,36,130K €,[],[]
1086331,Aldosivi,ARG,11 mar 2001,23 años,175 cm,Derecho,M,20,46K €,[],[]
1100246,Aldosivi,ARG,9 jul 1998,26 años,175 cm,Izquierdo,D,3,220K €,[],[]
900191,Aldosivi,ARG,16 sept 1996,28 años,177 cm,Derecho,D,13,185K €,[],[]
978882,Aldosivi,ARG,14 abr 2000,24 años,175 cm,Derecho,D,4,245K €,[],[]
1018416,Aldosivi,ARG,7 ene 1998,26 años,192 cm,Izquierdo,D,15,265K €,[],[]
1425093,Aldosivi,ARG,16 ago 2005,19 años,176 cm,Derecho,D,16,24K €,[],[]
175089,Aldosivi,ARG,4 may 1987,37 años,180 cm,Derecho,D,6,80K €,[],[]
885186,Aldosivi,ARG,28 jun 2000,24 años,185 cm,Derecho,D,3,145K €,[],[]
385424,Aldosivi,ARG,3 abr 1990,34 años,190 cm,Ambos,D,2,45K €,[],[]
1535522,Aldosivi,ARG,12 dic 2003,20 años,D,14,ARG,20 años,,[],[]
340431,Aldosivi,ARG,7 may 1981,43 años,187 cm,Derecho,G,1,26K €,[],[]
1182407,Aldosivi,ARG,9 abr 1996,28 años,192 cm,Derecho,G,12,46K €,[],[]
1894118,Aldosivi,,,,,,,,,[],[]
1894119,Aldosivi,,Número de Camiseta,12,,,,,,[],[]
1897455,Aldosivi,,,,,,,,,[],[]
1936646,Aldosivi,,Número de Camiseta,33,,,,,,[],[]
1117060,Deportivo Madryn,ARG,15 ene 2002,22 años,180 cm,F,9,ARG,69K €,[],[]
1113237,Deportivo Madryn,ARG,16 feb 2002,22 años,188 cm,Izquierdo,F,19,105K €,[],[]
1092312,Deportivo Madryn,ARG,11 nov 1996,28 años,189 cm,Derecho,F,11,215K €,[],[]
1106576,Deportivo Madryn,,Posición,F,18,23 años,F,18,,[],[]
1393676,Deportivo Madryn,ARG,24 feb 2001,23 años,190 cm,Derecho,F,20,130K €,[],[]
1114260,Deportivo Madryn,ARG,26 ago 1999,25 años,177 cm,Derecho,M,17,77K €,[],[]
789298,Deportivo Madryn,ARG,21 feb 1992,32 años,180 cm,Ambos,M,10,155K €,[],[]
1157397,Deportivo Madryn,ARG,18 mar 2002,22 años,170 cm,Derecho,M,8,73K €,[],[]
896871,Deportivo Madryn,ARG,11 ago 1996,28 años,168 cm,Derecho,M,5,230K €,[],[]
990053,Deportivo Madryn,ARG,19 jun 1997,27 años,M,7,ARG,27 años,,[],[]
340843,Deportivo Madryn,ARG,9 oct 1992,32 años,177 cm,Derecho,M,16,72K €,[],[]
1111937,Deportivo Madryn,ARG,29 jun 1999,25 años,190 cm,Derecho,M,20,155K €,[],[]
1597527,Deportivo Madryn,ARG,19 ene 1997,27 años,173 cm,Izquierdo,M,7,155K €,[],[]
174855,Deportivo Madryn,ARG,23 feb 1987,37 años,186 cm,Izquierdo,D,6,54K €,[],[]
1016645,Deportivo Madryn,ARG,26 abr 2001,23 años,177 cm,Derecho,D,13,97K €,[],[]
1118570,Deportivo Madryn,ARG,3 abr 1999,25 años,179 cm,Derecho,D,4,320K €,[],[]
1179170,Deportivo Madryn,ARG,1 dic 2003,20 años,180 cm,Izquierdo,D,16,71K €,[],[]
1175211,Deportivo Madryn,ARG,27 abr 1998,26 años,181 cm,Derecho,D,15,23K €,[],[]
1015675,Deportivo Madryn,ARG,13 may 1998,26 años,176 cm,Derecho,D,2,91K €,[],[]
898988,Deportivo Madryn,ARG,18 sept 1988,36 años,173 cm,Izquierdo,D,3,,[],[]
1118569,Deportivo Madryn,ARG,24 oct 1988,36 años,183 cm,Izquierdo,D,14,,[],[]
340847,Deportivo Madryn,ARG,20 sept 1990,34 años,187 cm,Derecho,G,1,105K €,[],[]
871853,Deportivo Madryn,ARG,27 mar 1998,26 años,186 cm,Derecho,G,12,,[],[]
943183,Deportivo Madryn,ARG,14 abr 1998,26 años,185 cm,Derecho,G,ARG,,[],[]
1799688,Deportivo Madryn,,Número de Camiseta,5,,,,,,[],[]
996708,Nueva Chicago,ARG,14 jun 1999,25 años,178 cm,Derecho,F,7,185K €,[],[]
800243,Nueva Chicago,ARG,28 feb 1996,28 años,177 cm,Derecho,F,9,210K €,[],[]
1184269,Nueva Chicago,ARG,16 sept 1999,25 años,174 cm,Derecho,F,19,,[],[]
980767,Nueva Chicago,ARG,26 jun 2001,23 años,180 cm,Derecho,M,19,130K €,[],[]
974656,Nueva Chicago,ARG,6 feb 2001,23 años,170 cm,Derecho,M,10,155K €,[],[]
175343,,COL,14 may 1991,33 años,168 cm,Ambos,M,18,,[],[]
1092337,Nueva Chicago,ARG,26 abr 2001,23 años,173 cm,Derecho,M,5,180K €,[],[]
895334,Nueva Chicago,ARG,27 dic 1994,29 años,163 cm,Derecho,M,16,49K €,[],[]
989881,Nueva Chicago,ARG,28 feb 2000,24 años,176 cm,Izquierdo,M,11,97K €,[],[]
1187883,Nueva Chicago,ARG,3 nov 2001,23 años,M,10,ARG,23 años,,[],[]
989989,Nueva Chicago,ARG,9 sept 1997,27 años,175 cm,M,20,ARG,,[],[]
1109374,Nueva Chicago,ARG,19 dic 2000,23 años,168 cm,Derecho,M,17,52K €,[],[]
581732,Nueva Chicago,ARG,19 sept 1996,28 años,179 cm,Izquierdo,M,17,120K €,[],[]
906813,Nueva Chicago,ARG,19 jun 1992,32 años,182 cm,Derecho,M,15,49K €,[],[]
1211928,Nueva Chicago,ARG,14 ene 1999,25 años,177 cm,Derecho,M,19,93K €,[],[]
1597543,Nueva Chicago,ARG,21 feb 2002,22 años,M,8,ARG,22 años,,[],[]
1117031,Nueva Chicago,ARG,20 jun 2001,23 años,177 cm,Derecho,M,8,70K €,[],[]
333409,Nueva Chicago,CHI,3 mar 1993,31 años,184 cm,Derecho,D,13,92K €,[],[]
901024,Nueva Chicago,ARG,6 ene 1997,27 años,188 cm,Derecho,D,2,140K €,[],[]
1654120,Nueva Chicago,URU,13 dic 1996,27 años,184 cm,Izquierdo,D,18,,[],[]
974663,Nueva Chicago,ARG,16 ago 1999,25 años,177 cm,Izquierdo,D,3,105K €,[],[]
1498998,Nueva Chicago,,Número de Camiseta,3,D,3,,,,[],[]
1109382,Nueva Chicago,ARG,18 abr 1999,25 años,187 cm,Derecho,D,6,155K €,[],[]
1090723,Nueva Chicago,ARG,16 feb 2000,24 años,182 cm,Derecho,D,2,53K €,[],[]
340761,Nueva Chicago,ARG,13 feb 1992,32 años,177 cm,Derecho,D,4,48K €,[],[]
1414507,Nueva Chicago,,Número de Camiseta,14,D,14,,,,[],[]
1863836,Sud América,ARG,11 mar 1988,36 años,183 cm,Derecho,D,13,26K €,[],[]
1143788,Nueva Chicago,ARG,27 ene 2000,24 años,181 cm,Derecho,G,12,70K €,[],[]
895318,Nueva Chicago,ARG,5 mar 1995,29 años,184 cm,Derecho,G,1,160K €,[],[]
584698,Nueva Chicago,ARG,20 jul 1984,40 años,190 cm,Derecho,G,ARG,,[],[]
1416979,Nueva Chicago,ARG,1 ene 2003,21 años,20,ARG,21 años,20,,[],[]
1167615,Gimnasia y Esgrima Mendoza,ARG,28 may 2000,24 años,187 cm,Derecho,F,20,195K €,[],[]
951083,Gimnasia y Esgrima Mendoza,ARG,5 feb 1990,34 años,187 cm,Derecho,F,9,26K €,[],[]
988991,Gimnasia y Esgrima Mendoza,ARG,18 oct 1999,25 años,183 cm,Izquierdo,F,ARG,47K €,[],[]
848294,Gimnasia y Esgrima Mendoza,ARG,22 abr 1994,30 años,170 cm,Izquierdo,M,7,230K €,[],[]
859965,Gimnasia y Esgrima Mendoza,ARG,23 ago 1993,31 años,185 cm,Derecho,M,11,265K €,[],[]
896937,Gimnasia y Esgrima Mendoza,ARG,22 abr 1995,29 años,171 cm,Derecho,M,155,250K €,[],[]
835241,Gimnasia y Esgrima Mendoza,ARG,2 jul 1997,27 años,180 cm,Derecho,M,17,215K €,[],[]
974673,Gimnasia y Esgrima Mendoza,ARG,5 nov 1999,25 años,170 cm,Derecho,M,8,185K €,[],[]
1180584,Gimnasia y Esgrima Mendoza,ARG,2 jul 1999,25 años,167 cm,Derecho,M,19,160K €,[],[]
971170,Gimnasia y Esgrima Mendoza,ARG,5 mar 2001,23 años,171 cm,Izquierdo,M,3,145K €,[],[]
1085344,Gimnasia y Esgrima Mendoza,ARG,15 may 1999,25 años,171 cm,Izquierdo,M,10,155K €,[],[]
895231,Gimnasia y Esgrima Mendoza,ARG,4 ene 1995,29 años,173 cm,Derecho,M,5,180K €,[],[]
973521,Gimnasia y Esgrima Mendoza,ARG,10 sept 1999,25 años,170 cm,Derecho,M,16,,[],[]
992075,Gimnasia y Esgrima Mendoza,ARG,6 feb 1998,26 años,174 cm,Derecho,M,13,,[],[]
1413894,Gimnasia y Esgrima Mendoza,ARG,10 feb 2001,23 años,Derecho,M,13,ARG,,[],[]
1486040,Gimnasia y Esgrima Mendoza,ARG,27 feb 2002,22 años,168 cm,Derecho,M,16,24K €,[],[]
1597490,Gimnasia y Esgrima Mendoza,ARG,16 sept 1999,25 años,M,18,ARG,25 años,,[],[]
1194768,Gimnasia y Esgrima Mendoza,ARG,26 jun 2000,24 años,185 cm,Derecho,D,4,210K €,[],[]
914144,Gimnasia y Esgrima Mendoza,ARG,16 ago 1997,27 años,176 cm,Derecho,D,15,220K €,[],[]
1170679,Gimnasia y Esgrima Mendoza,COL,2 ene 1995,29 años,192 cm,Derecho,D,14,52K €,[],[]
898755,Gimnasia y Esgrima Mendoza,ARG,14 nov 1994,30 años,183 cm,Derecho,D,2,355K €,[],[]
1008024,Gimnasia y Esgrima Mendoza,ARG,16 abr 1999,25 años,179 cm,Derecho,D,4,105K €,[],[]
992966,Gimnasia y Esgrima Mendoza,ARG,12 mar 1996,28 años,185 cm,Derecho,D,4,260K €,[],[]
155708,Gimnasia y Esgrima Mendoza,ARG,29 ago 1994,30 años,182 cm,Izquierdo,D,6,185K €,[],[]
1465298,Gimnasia y Esgrima Mendoza,ARG,9 jul 1997,27 años,178 cm,Izquierdo,D,3,140K €,[],[]
1519361,Gimnasia y Esgrima Mendoza,,Número de Camiseta,15,D,15,,,,[],[]
871837,Gimnasia y Esgrima Mendoza,ARG,19 feb 1998,26 años,193 cm,Derecho,G,1,390K €,[],[]
994456,Gimnasia y Esgrima Mendoza,ARG,1 sept 1998,26 años,184 cm,Derecho,G,12,52K €,[],[]
1898415,Gimnasia y Esgrima Mendoza,,Número de Camiseta,10,,,,,,[],[]
1654473,Gimnasia y Esgrima Mendoza,ARG,6 abr 2001,23 años,12,ARG,23 años,12,,[],[]
288317,San Telmo,ARG,24 sept 1993,31 años,183 cm,Derecho,F,9,105K €,[],[]
1469423,San Telmo,ARG,1 nov 1998,26 años,182 cm,Derecho,F,19,26K €,[],[]
1653788,San Telmo,ARG,27 nov 2004,19 años,170 cm,Izquierdo,F,18,,[],[]
1018401,San Telmo,ARG,21 oct 1999,25 años,178 cm,Derecho,F,18,,[],[]
1182417,San Telmo,ARG,7 oct 1989,35 años,188 cm,Derecho,F,20,23K €,[],[]
974746,San Telmo,ARG,22 feb 2000,24 años,184 cm,Derecho,M,19,240K €,[],[]
1183942,San Telmo,ARG,3 mar 2000,24 años,168 cm,Izquierdo,M,15,24K €,[],[]
849139,San Telmo,ARG,29 jul 1995,29 años,177 cm,Derecho,M,5,190K €,[],[]
1109292,San Telmo,ARG,18 jul 2000,24 años,168 cm,Derecho,M,10,105K €,[],[]
1133394,San Telmo,ARG,14 ene 2004,20 años,176 cm,Derecho,M,7,160K €,[],[]
830888,San Telmo,ESP,21 oct 1994,30 años,182 cm,Derecho,M,8,135K €,[],[]
796764,San Telmo,ARG,4 sept 1995,29 años,180 cm,Derecho,M,15,27K €,[],[]
927422,San Telmo,ARG,5 jul 1993,31 años,165 cm,Derecho,M,17,24K €,[],[]
971191,San Telmo,ARG,8 sept 1998,26 años,178 cm,Derecho,M,11,24K €,[],[]
1109313,San Telmo,ARG,4 nov 1995,29 años,187 cm,Derecho,M,16,96K €,[],[]
1214054,San Telmo,ARG,1 oct 1998,26 años,M,19,ARG,26 años,,[],[]
1106602,San Telmo,ARG,17 oct 2001,23 años,182 cm,Derecho,D,6,180K €,[],[]
790190,San Telmo,ARG,11 ago 1994,30 años,179 cm,Izquierdo,D,3,155K €,[],[]
1605142,San Telmo,ARG,17 oct 2001,23 años,182 cm,Derecho,D,6,,[],[]
1160049,San Telmo,ARG,Posición,D,11,ARG,D,11,,[],[]
1514482,San Telmo,ARG,Posición,D,4,ARG,D,4,,[],[]
991108,San Telmo,ARG,29 ago 1992,32 años,180 cm,Ambos,D,2,71K €,[],[]
1490981,San Telmo,ARG,1 ene 2000,24 años,188 cm,Derecho,D,14,26K €,[],[]
1500246,San Telmo,,Número de Camiseta,14,D,14,,,,[],[]
1653787,San Telmo,ARG,2 jun 1999,25 años,189 cm,Derecho,D,13,24K €,[],[]
885513,San Telmo,ARG,22 ago 1996,28 años,185 cm,Derecho,G,1,145K €,[],[]
1199311,San Telmo,,Posición,G,12,23 años,G,12,,[],[]
1653786,San Telmo,,Número de Camiseta,12,,,,,,[],[]
874567,Club Atletico Colón,URU,13 mar 2000,24 años,180 cm,Derecho,F,16,390K €,[],[]
1117035,Club Atletico Colón,ARG,2 jul 2002,22 años,181 cm,Derecho,F,9,130K €,[],[]
33776,Club Atletico Colón,ARG,24 abr 1986,38 años,190 cm,Derecho,F,14,52K €,[],[]
873642,Club Atletico Colón,ARG,31 jul 1997,27 años,170 cm,Izquierdo,F,11,110K €,[],[]
814225,Club Atletico Colón,ARG,25 mar 1997,27 años,179 cm,Izquierdo,F,17,315K €,[],[]
1199308,Club Atletico Colón,ARG,16 ene 2001,23 años,F,19,ARG,23 años,,[],[]
1102818,Club Atletico Colón,,Posición,F,44,23 años,F,44,,[],[]
1523681,Club Atletico Colón,,Número de Camiseta,13,F,13,,,,[],[]
795980,Club Atletico Colón,USA,15 sept 1996,28 años,176 cm,Derecho,M,18,345K €,[],[]
1132948,Club Atletico Colón,ARG,5 ago 2002,22 años,172 cm,Derecho,M,11,340K €,[],[]
1018383,Club Atletico Colón,ARG,20 jun 2001,23 años,181 cm,Derecho,M,10,315K €,[],[]
78851,Club Atletico Colón,ARG,4 sept 1986,38 años,184 cm,Derecho,M,20,110K €,[],[]
989990,Club Atletico Colón,ARG,19 feb 1998,26 años,180 cm,Izquierdo,M,19,460K €,[],[]
992978,Club Atletico Colón,ARG,20 ago 1997,27 años,182 cm,Derecho,M,15,270K €,[],[]
794761,Club Atletico Colón,ARG,2 oct 1997,27 años,177 cm,Izquierdo,M,16,275K €,[],[]
842861,Club Atletico Colón,ARG,10 abr 1990,34 años,179 cm,Derecho,M,10,535K €,[],[]
1868531,Club Atletico Colón,ARG,28 ene 2005,19 años,188 cm,Derecho,M,5,,[],[]
249899,Club Atletico Colón,ARG,13 ene 1991,33 años,175 cm,Derecho,M,8,160K €,[],[]
838402,Club Atletico Colón,ARG,9 abr 1996,28 años,165 cm,Derecho,M,7,300K €,[],[]
974740,Club Atletico Colón,ARG,4 mar 1999,25 años,187 cm,Derecho,M,17,69K €,[],[]
1941678,Club Atletico Colón,,Número de Camiseta,13,M,13,,,,[],[]
1900664,Club Atletico Colón,ARG,19 may 2003,21 años,180 cm,Derecho,M,ARG,,[],[]
879875,Club Atletico Colón,ARG,5 sept 1999,25 años,188 cm,Derecho,D,33,3.3M €,[],[]
924766,Club Atletico Colón,URU,20 jul 1998,26 años,173 cm,Izquierdo,D,15,420K €,[],[]
174825,Club Atletico Colón,ARG,12 may 1985,39 años,184 cm,Derecho,D,2,77K €,[],[]
1185976,Club Atletico Colón,ARG,11 feb 2002,22 años,179 cm,Izquierdo,D,13,215K €,[],[]
1144981,Club Atletico Colón,URU,9 feb 2000,24 años,176 cm,Izquierdo,D,13,310K €,[],[]
1199307,Club Atletico Colón,ARG,22 ene 2003,21 años,180 cm,D,4,ARG,52K €,[],[]
874792,Club Atletico Colón,ARG,28 mar 1991,33 años,180 cm,Derecho,D,6,205K €,[],[]
974659,Club Atletico Colón,ARG,11 sept 1998,26 años,177 cm,Izquierdo,D,3,230K €,[],[]
816609,Club Atletico Colón,ARG,8 jun 1995,29 años,185 cm,Izquierdo,D,3,97K €,[],[]
933157,Club Atletico Colón,ARG,30 nov 1993,30 años,180 cm,Derecho,D,15,90K €,[],[]
1508169,Club Atletico Colón,ARG,8 oct 2003,21 años,D,47,ARG,21 años,,[],[]
1086941,Club Atletico Colón,ARG,27 oct 2003,21 años,175 cm,Izquierdo,D,15,49K €,[],[]
1508167,Club Atletico Colón,ARG,Posición,D,4,ARG,D,4,,[],[]
1654477,Club Atletico Colón,ARG,16 may 2003,21 años,D,14,ARG,21 años,,[],[]
256935,Club Atletico Colón,ARG,19 abr 1990,34 años,187 cm,Derecho,G,1,240K €,[],[]
974649,Club Atletico Colón,ARG,29 oct 1998,26 años,185 cm,Derecho,G,1,485K €,[],[]
1985752,Club Atletico Colón,ARG,Posición,G,ARG,G,,,,[],[]
1654134,Club Atletico Colón,,Número de Camiseta,17,,,,,,[],[]
1654135,Club Atletico Colón,,,,,,,,,[],[]
1654136,Club Atletico Colón,,,,,,,,,[],[]
1868384,Club Atletico Colón,,Número de Camiseta,13,,,,,,[],[]
1093117,Defensores de Belgrano,ARG,15 may 2000,24 años,183 cm,Derecho,F,19,26K €,[],[]
896922,Defensores de Belgrano,ARG,10 ene 1992,32 años,162 cm,Derecho,F,7,290K €,[],[]
1654474,Defensores de Belgrano,ARG,20 sept 2005,19 años,F,19,ARG,19 años,,[],[]
941474,Defensores de Belgrano,ARG,20 feb 2000,24 años,184 cm,Derecho,F,20,160K €,[],[]
976487,Villa Española,URU,16 feb 1998,26 años,175 cm,Derecho,F,14,23K €,[],[]
577578,Defensores de Belgrano,ARG,3 sept 1987,37 años,170 cm,Izquierdo,M,19,81K €,[],[]
926232,Defensores de Belgrano,ARG,17 ene 2001,23 años,170 cm,Derecho,M,18,155K €,[],[]
824589,Defensores de Belgrano,ARG,4 ene 1995,29 años,183 cm,Derecho,M,10,480K €,[],[]
1109997,Defensores de Belgrano,ARG,13 nov 2003,21 años,173 cm,Derecho,M,15,24K €,[],[]
146950,Defensores de Belgrano,ARG,11 dic 1991,32 años,176 cm,Derecho,M,8,71K €,[],[]
1654479,Defensores de Belgrano,ARG,30 oct 2005,19 años,M,16,ARG,19 años,26K €,[],[]
1469419,Defensores de Belgrano,ARG,23 may 2002,22 años,165 cm,Derecho,M,5,230K €,[],[]
1506776,Defensores de Belgrano,ARG,4 jul 2003,21 años,178 cm,Izquierdo,M,11,180K €,[],[]
1021878,Defensores de Belgrano,ARG,15 feb 1994,30 años,173 cm,Izquierdo,M,10,130K €,[],[]
1830732,Defensores de Belgrano,ARG,15 feb 2004,20 años,M,15,ARG,20 años,,[],[]
992953,Defensores de Belgrano,ARG,2 oct 1991,33 años,177 cm,Izquierdo,M,17,54K €,[],[]
1182905,Defensores de Belgrano,ARG,11 oct 1999,25 años,175 cm,Derecho,M,8,345K €,[],[]
1444669,Defensores de Belgrano,ARG,13 ene 2003,21 años,M,14,ARG,21 años,,[],[]
1465695,Defensores de Belgrano,ARG,26 mar 1995,29 años,180 cm,Izquierdo,M,16,24K €,[],[]
1066572,Defensores de Belgrano,ARG,17 ago 2001,23 años,170 cm,Izquierdo,D,3,190K €,[],[]
1650441,Defensores de Belgrano,ARG,17 sept 2002,22 años,D,2,ARG,22 años,,[],[]
933172,Defensores de Belgrano,ARG,30 jun 1993,31 años,185 cm,Derecho,D,6,49K €,[],[]
1468116,Defensores de Belgrano,ARG,24 abr 1995,29 años,175 cm,Derecho,D,4,48K €,[],[]
340755,Defensores de Belgrano,SUI,14 mar 1990,34 años,190 cm,Derecho,D,13,53K €,[],[]
1467897,Defensores de Belgrano,,Posición,D,13,21 años,D,13,,[],[]
1650461,Defensores de Belgrano,ARG,14 jul 1997,27 años,187 cm,Ambos,D,14,48K €,[],[]
1092476,Defensores de Belgrano,ARG,29 jun 1991,33 años,176 cm,Derecho,G,1,195K €,[],[]
986428,Defensores de Belgrano,ARG,18 ago 2000,24 años,190 cm,Derecho,G,12,,[],[]
1887188,Defensores de Belgrano,ARG,25 sept 2000,24 años,9,ARG,24 años,9,,[],[]
1845561,Defensores de Belgrano,,Número de Camiseta,3,,,,,,[],[]
1894578,Defensores de Belgrano,ARG,Nacionalidad,ARG,,,,,,[],[]
1964734,Defensores de Belgrano,,Número de Camiseta,18,,,,,,[],[]
1182428,Gimnasia y Tiro de Salta,ARG,6 abr 1999,25 años,183 cm,Derecho,F,9,170K €,[],[]
1627952,Gimnasia y Tiro de Salta,,Posición,F,15,24 años,F,15,,[],[]
864074,Gimnasia y Tiro de Salta,ARG,2 oct 1999,25 años,183 cm,Derecho,F,19,48K €,[],[]
974638,Gimnasia y Tiro de Salta,ARG,15 jun 1999,25 años,183 cm,Derecho,F,20,24K €,[],[]
1182423,Gimnasia y Tiro de Salta,ARG,14 abr 2000,24 años,168 cm,Derecho,F,18,,[],[]
1466111,Gimnasia y Tiro de Salta,ARG,1 ene 2001,23 años,183 cm,Derecho,F,ARG,135K €,[],[]
1482593,Gimnasia y Tiro de Salta,ARG,15 jun 1999,25 años,183 cm,Derecho,F,20,24K €,[],[]
1638681,Gimnasia y Tiro de Salta,ARG,4 may 2000,24 años,180 cm,Derecho,F,20,,[],[]
1891467,Gimnasia y Tiro de Salta,,Posición,F,19,20 años,F,19,,[],[]
859971,Gimnasia y Tiro de Salta,ARG,7 jun 1999,25 años,160 cm,Derecho,M,7,24K €,[],[]
1638680,Gimnasia y Tiro de Salta,ARG,10 abr 1995,29 años,178 cm,Izquierdo,M,17,23K €,[],[]
122613,Gimnasia y Tiro de Salta,ARG,3 mar 1987,37 años,170 cm,Izquierdo,M,14,,[],[]
885005,Gimnasia y Tiro de Salta,ARG,20 feb 1992,32 años,178 cm,Derecho,M,10,54K €,[],[]
1197976,Gimnasia y Tiro de Salta,ARG,15 ene 1989,35 años,173 cm,Derecho,M,5,,[],[]
1197979,Gimnasia y Tiro de Salta,ARG,23 feb 1991,33 años,176 cm,Izquierdo,M,16,,[],[]
1466109,Gimnasia y Tiro de Salta,ARG,21 may 1993,31 años,175 cm,Ambos,M,8,26K €,[],[]
1956697,Gimnasia y Tiro de Salta,ARG,7 jun 1999,25 años,160 cm,Izquierdo,M,7,,[],[]
940695,Gimnasia y Tiro de Salta,ARG,5 sept 1996,28 años,170 cm,D,8,ARG,73K €,[],[]
1110009,Gimnasia y Tiro de Salta,ARG,6 abr 1999,25 años,170 cm,Izquierdo,D,11,93K €,[],[]
849028,Gimnasia y Tiro de Salta,ARG,30 jun 1993,31 años,174 cm,Derecho,D,4,49K €,[],[]
897148,Gimnasia y Tiro de Salta,ARG,29 sept 1989,35 años,174 cm,Izquierdo,D,3,23K €,[],[]
941528,Gimnasia y Tiro de Salta,ARG,8 ago 1994,30 años,173 cm,Derecho,D,6,68K €,[],[]
992970,Gimnasia y Tiro de Salta,ARG,30 ene 1998,26 años,186 cm,D,3,ARG,140K €,[],[]
1117452,Gimnasia y Tiro de Salta,ARG,10 abr 1987,37 años,180 cm,Derecho,D,6,,[],[]
1654511,Gimnasia y Tiro de Salta,ARG,2 mar 2001,23 años,188 cm,Derecho,D,2,,[],[]
940700,Gimnasia y Tiro de Salta,ARG,12 jun 1998,26 años,187 cm,Izquierdo,G,1,165K €,[],[]
896983,Gimnasia y Tiro de Salta,ARG,1 sept 1987,37 años,186 cm,Derecho,G,12,,[],[]
1638698,Gimnasia y Tiro de Salta,ARG,8 ene 1996,28 años,12,ARG,28 años,12,,[],[]
980541,Mitre,ARG,18 abr 2001,23 años,180 cm,Ambos,F,7,160K €,[],[]
1650446,Mitre,URU,21 sept 2000,24 años,185 cm,Derecho,F,9,130K €,[],[]
980926,Mitre,ARG,2 may 2000,24 años,164 cm,Derecho,F,42,52K €,[],[]
1154127,Mitre,ARG,Posición,F,20,ARG,F,20,,[],[]
933179,Mitre,ARG,21 may 1987,37 años,186 cm,Derecho,F,20,79K €,[],[]
1092608,Mitre,ARG,9 feb 1998,26 años,170 cm,Derecho,F,17,23K €,[],[]
1650443,Mitre,ARG,11 jun 2001,23 años,180 cm,Izquierdo,F,19,,[],[]
922436,Mitre,ARG,20 jul 1998,26 años,170 cm,Izquierdo,M,17,315K €,[],[]
789276,Mitre,ARG,22 mar 1995,29 años,179 cm,Derecho,M,10,285K €,[],[]
979724,Mitre,URU,11 nov 1991,33 años,178 cm,Izquierdo,M,15,265K €,[],[]
1468139,Mitre,ARG,12 may 2000,24 años,176 cm,M,16,ARG,105K €,[],[]
971190,Mitre,ARG,26 oct 1998,26 años,177 cm,Derecho,M,8,105K €,[],[]
358960,Matienzo MSD,ARG,23 feb 1996,28 años,176 cm,Derecho,M,ARG,,[],[]
1094083,Mitre,ARG,21 abr 1996,28 años,185 cm,Derecho,M,15,68K €,[],[]
1201175,Mitre,ARG,5 ago 1996,28 años,171 cm,M,14,ARG,68K €,[],[]
933174,Mitre,ARG,26 dic 1988,35 años,170 cm,Derecho,M,5,73K €,[],[]
951056,Mitre,ARG,17 jul 1995,29 años,173 cm,Derecho,M,20,27K €,[],[]
1118567,Mitre,ARG,6 ene 1995,29 años,167 cm,Derecho,M,18,130K €,[],[]
933167,Mitre,ARG,6 jun 1989,35 años,181 cm,Derecho,D,2,105K €,[],[]
1650444,Mitre,ARG,27 ago 2002,22 años,184 cm,Derecho,D,13,,[],[]
830656,Mitre,ARG,28 jul 1995,29 años,182 cm,Derecho,D,4,240K €,[],[]
249979,Mitre,ARG,26 may 1989,35 años,167 cm,Derecho,D,11,27K €,[],[]
941428,Mitre,ARG,14 mar 1990,34 años,182 cm,Izquierdo,D,3,78K €,[],[]
974662,Mitre,ARG,23 abr 1997,27 años,183 cm,Izquierdo,D,6,45K €,[],[]
1214049,Mitre,ARG,30 oct 1989,35 años,183 cm,Derecho,D,14,23K €,[],[]
1020522,Mitre,ARG,18 jul 2001,23 años,185 cm,Izquierdo,G,1,235K €,[],[]
1112851,Mitre,ARG,7 jun 1989,35 años,187 cm,Izquierdo,G,12,,[],[]
1650442,Mitre,ARG,8 jun 2003,21 años,G,12,ARG,21 años,,[],[]
1931296,Mitre,,Número de Camiseta,15,,,,,,[],[]
1406311,Temperley,ARG,5 may 2002,22 años,178 cm,Izquierdo,F,19,48K €,[],[]
1018405,Temperley,ARG,29 nov 2002,21 años,179 cm,Derecho,F,9,185K €,[],[]
871813,Temperley,ARG,8 feb 1998,26 años,187 cm,Derecho,F,11,185K €,[],[]
600602,Temperley,ARG,6 may 1997,27 años,180 cm,Derecho,F,16,80K €,[],[]
789398,Temperley,ARG,23 jun 1987,37 años,188 cm,Derecho,F,18,73K €,[],[]
1807812,Temperley,ARG,24 mar 2003,21 años,163 cm,Ambos,F,19,,[],[]
1833629,Temperley,ARG,11 ago 2003,21 años,F,18,ARG,21 años,,[],[]
1983217,Temperley,,Número de Camiseta,17,F,17,,,,[],[]
1471245,Temperley,ARG,13 mar 2002,22 años,175 cm,Derecho,M,10,27K €,[],[]
1018388,Temperley,ARG,7 oct 1993,31 años,175 cm,Derecho,M,14,285K €,[],[]
1650569,Temperley,ARG,27 abr 2000,24 años,179 cm,Izquierdo,M,20,,[],[]
777249,Temperley,ARG,6 ago 1994,30 años,178 cm,Derecho,M,5,170K €,[],[]
1845671,Temperley,ARG,Altura,175 cm,Derecho,M,8,ARG,,[],[]
789949,Temperley,ARG,22 mar 1992,32 años,167 cm,Derecho,M,7,145K €,[],[]
1650570,Temperley,ARG,25 ene 2003,21 años,187 cm,Derecho,M,15,,[],[]
1654121,Temperley,ARG,5 mar 2001,23 años,M,7,ARG,23 años,,[],[]
263649,Temperley,ARG,31 mar 1990,34 años,165 cm,Ambos,M,17,26K €,[],[]
1183039,Temperley,ARG,5 mar 2001,23 años,170 cm,Derecho,M,11,,[],[]
1983216,Temperley,,Número de Camiseta,16,M,16,,,,[],[]
1983471,Temperley,ARG,Posición,M,ARG,M,,,,[],[]
1109640,Temperley,ARG,5 may 2000,24 años,178 cm,Izquierdo,D,3,270K €,[],[]
875564,Temperley,ARG,2 ago 1999,25 años,184 cm,Derecho,D,4,165K €,[],[]
867534,Temperley,ARG,21 mar 1989,35 años,185 cm,Izquierdo,D,6,95K €,[],[]
1023103,Temperley,ARG,16 sept 1999,25 años,179 cm,Derecho,D,2,120K €,[],[]
922443,Temperley,ARG,28 ago 2000,24 años,172 cm,Derecho,D,4,260K €,[],[]
897110,Temperley,ARG,3 ene 1992,32 años,175 cm,Izquierdo,D,3,145K €,[],[]
989204,Temperley,ARG,19 sept 1989,35 años,181 cm,Derecho,D,2,24K €,[],[]
1514550,Temperley,ARG,25 abr 2001,23 años,184 cm,Izquierdo,D,6,,[],[]
992089,Temperley,ARG,31 oct 1988,36 años,185 cm,Derecho,G,1,105K €,[],[]
1654119,Temperley,ARG,Posición,G,12,ARG,G,12,,[],[]
1983188,Temperley,,Número de Camiseta,12,G,12,,,,[],[]
1868857,Temperley,,Número de Camiseta,13,19 años,13,,,,[],[]
947212,Estudiantes de Río Cuarto,ARG,22 nov 1995,28 años,195 cm,Derecho,F,9,515K €,[],[]
912789,Estudiantes de Río Cuarto,ARG,2 jun 1999,25 años,184 cm,Derecho,F,20,170K €,[],[]
1021608,Estudiantes de Río Cuarto,ARG,16 ene 1996,28 años,182 cm,Derecho,F,19,130K €,[],[]
1086982,Estudiantes de Río Cuarto,ARG,16 jul 1999,25 años,190 cm,Derecho,F,9,115K €,[],[]
1654472,Estudiantes de Río Cuarto,ARG,22 dic 2000,23 años,185 cm,Izquierdo,F,9,,[],[]
1865973,Estudiantes de Río Cuarto,ARG,18 mar 2002,22 años,F,7,ARG,22 años,,[],[]
1979225,Estudiantes de Río Cuarto,ARG,29 mar 2004,20 años,F,17,ARG,20 años,,[],[]
22980,Estudiantes de Río Cuarto,ARG,10 sept 1983,41 años,173 cm,Derecho,M,7,,[],[]
1065363,Estudiantes de Río Cuarto,ARG,9 ene 1999,25 años,174 cm,Izquierdo,M,17,70K €,[],[]
1126011,Estudiantes de Río Cuarto,URU,31 may 1994,30 años,173 cm,Derecho,M,5,130K €,[],[]
951719,Estudiantes de Río Cuarto,ARG,26 ene 2000,24 años,179 cm,Derecho,M,20,145K €,[],[]
1201022,Estudiantes de Río Cuarto,ARG,8 ago 2003,21 años,174 cm,M,16,ARG,,[],[]
584064,Estudiantes de Río Cuarto,ARG,31 jul 1996,28 años,180 cm,Derecho,M,10,27K €,[],[]
341091,Estudiantes de Río Cuarto,ARG,4 mar 1992,32 años,177 cm,Derecho,M,20,185K €,[],[]
79286,Estudiantes de Río Cuarto,ARG,29 abr 1987,37 años,184 cm,Derecho,M,15,,[],[]
981460,Estudiantes de Río Cuarto,ARG,18 ago 1994,30 años,178 cm,Derecho,M,8,270K €,[],[]
1018244,Estudiantes de Río Cuarto,ARG,28 ene 1999,25 años,182 cm,Derecho,M,18,54K €,[],[]
871849,Estudiantes de Río Cuarto,ARG,8 mar 1999,25 años,179 cm,Derecho,M,7,170K €,[],[]
981464,Estudiantes de Río Cuarto,ARG,23 dic 1986,37 años,173 cm,Derecho,M,ARG,,[],[]
1486149,Estudiantes de Río Cuarto,,Altura,179 cm,M,8,23 años,179 cm,,[],[]
1650474,Estudiantes de Río Cuarto,ARG,1 nov 1998,26 años,M,10,ARG,26 años,,[],[]
1183794,Estudiantes de Río Cuarto,SYR,12 ene 1998,26 años,174 cm,Izquierdo,D,11,130K €,[],[]
1500069,Estudiantes de Río Cuarto,ARG,26 sept 2003,21 años,170 cm,D,14,ARG,,[],[]
1018432,Estudiantes de Río Cuarto,ARG,28 ene 1995,29 años,185 cm,Izquierdo,D,3,170K €,[],[]
989895,Estudiantes de Río Cuarto,ARG,7 may 2001,23 años,183 cm,Izquierdo,D,13,23K €,[],[]
992968,Estudiantes de Río Cuarto,ARG,17 ene 1993,31 años,191 cm,Derecho,D,2,110K €,[],[]
1018403,Estudiantes de Río Cuarto,ARG,29 oct 1999,25 años,183 cm,Derecho,D,2,315K €,[],[]
981461,Estudiantes de Río Cuarto,ARG,7 oct 1986,38 años,182 cm,Izquierdo,D,2,,[],[]
1210385,Estudiantes de Río Cuarto,ARG,17 may 2000,24 años,183 cm,Derecho,D,6,180K €,[],[]
1086950,Estudiantes de Río Cuarto,ARG,29 jun 1998,26 años,195 cm,Derecho,G,12,210K €,[],[]
1117127,Estudiantes de Río Cuarto,ARG,14 oct 1999,25 años,187 cm,Derecho,G,1,23K €,[],[]
1908093,Estudiantes de Río Cuarto,ARG,Posición,G,ARG,G,,,,[],[]
1894156,Estudiantes de Río Cuarto,,Número de Camiseta,11,,,,,,[],[]
1876773,Estudiantes de Río Cuarto,BAR,4 ene 2001,23 años,4,BAR,23 años,4,,[],[]
1979226,Estudiantes de Río Cuarto,ARG,Número de Camiseta,19,ARG,19,,,,[],[]
1131024,Atlanta,ARG,8 mar 2000,24 años,183 cm,Derecho,F,11,215K €,[],[]
981412,Atlanta,ECU,9 abr 1996,28 años,177 cm,F,17,ECU,135K €,[],[]
1110018,Atlanta,ARG,28 feb 1991,33 años,188 cm,Derecho,F,9,110K €,[],[]
1108122,Atlanta,ARG,6 ene 1999,25 años,193 cm,F,20,ARG,77K €,[],[]
1525748,Atlanta,ARG,3 may 2003,21 años,177 cm,Ambos,F,18,80K €,[],[]
1131028,Atlanta,ARG,18 abr 2002,22 años,186 cm,Derecho,M,7,52K €,[],[]
906807,Atlanta,ARG,7 jul 1995,29 años,184 cm,M,15,ARG,290K €,[],[]
992061,Atlanta,ARG,16 sept 1990,34 años,169 cm,Derecho,M,5,52K €,[],[]
1104321,Atlanta,ARG,28 ago 2001,23 años,181 cm,Izquierdo,M,10,245K €,[],[]
1092324,Atlanta,ARG,19 abr 2000,24 años,178 cm,Izquierdo,M,8,350K €,[],[]
358932,Atlanta,ARG,12 jul 1996,28 años,174 cm,Derecho,M,20,245K €,[],[]
801254,Atlanta,ARG,25 jul 1997,27 años,178 cm,Izquierdo,M,8,110K €,[],[]
581778,Atlanta,ARG,12 mar 1994,30 años,179 cm,Derecho,M,19,180K €,[],[]
965967,Atlanta,ARG,24 ene 1999,25 años,178 cm,Derecho,M,16,210K €,[],[]
843404,Atlanta,ARG,28 feb 1993,31 años,175 cm,Derecho,M,11,240K €,[],[]
971200,Atlanta,ARG,6 mar 1994,30 años,184 cm,Derecho,D,2,130K €,[],[]
1654532,Atlanta,ARG,8 mar 2003,21 años,175 cm,Izquierdo,D,3,240K €,[],[]
128384,Atlanta,SUI,27 abr 1991,33 años,191 cm,Derecho,D,2,105K €,[],[]
257461,Atlanta,ARG,21 oct 1991,33 años,184 cm,Izquierdo,D,13,140K €,[],[]
290003,Atlanta,ARG,10 mar 1992,32 años,180 cm,Derecho,D,4,80K €,[],[]
927671,Atlanta,ARG,1 ene 1999,25 años,169 cm,Derecho,D,14,180K €,[],[]
1475211,Atlanta,ARG,27 jun 2003,21 años,177 cm,Izquierdo,D,16,69K €,[],[]
1891466,Atlanta,,Posición,D,6,22 años,D,6,,[],[]
789919,Atlanta,ARG,25 oct 1986,38 años,189 cm,Derecho,G,1,24K €,[],[]
155696,Atlanta,ARG,8 may 1994,30 años,183 cm,Derecho,G,12,73K €,[],[]
1525747,Atlanta,,Número de Camiseta,18,,,,,,[],[]
1918897,Atlanta,,,,,,,,,[],[]
1972040,Atlanta,,Número de Camiseta,12,,,,,,[],[]
1979804,Atlanta,,Número de Camiseta,14,,,,,,[],[]
590170,Deportivo Morón,ARG,18 dic 1991,32 años,182 cm,Derecho,F,18,47K €,[],[]
1092609,Deportivo Morón,ARG,29 nov 2001,22 años,176 cm,Izquierdo,F,7,69K €,[],[]
1182462,Deportivo Morón,ARG,6 jun 1994,30 años,184 cm,Derecho,F,20,79K €,[],[]
1489060,Deportivo Morón,,Número de Camiseta,17,F,17,,,,[],[]
1467900,Deportivo Morón,,Posición,F,9,22 años,F,9,,[],[]
1597532,Deportivo Morón,ARG,6 jun 1994,30 años,184 cm,Derecho,F,9,,[],[]
1863118,Deportivo Morón,ARG,1 ene 2004,20 años,F,20,ARG,20 años,,[],[]
1983213,Deportivo Morón,ARG,Pié Preferido,Derecho,F,18,ARG,Derecho,,[],[]
1983214,Deportivo Morón,,Número de Camiseta,19,F,19,,,,[],[]
1007942,Deportivo Morón,ARG,6 ene 2000,24 años,167 cm,Derecho,M,16,115K €,[],[]
1465276,Deportivo Morón,ARG,10 dic 2000,23 años,174 cm,Izquierdo,M,20,49K €,[],[]
192414,Deportivo Morón,ARG,23 feb 1988,36 años,175 cm,Derecho,M,8,,[],[]
984928,Deportivo Morón,ARG,11 jul 1996,28 años,166 cm,Derecho,M,7,240K €,[],[]
174909,Deportivo Morón,ARG,17 nov 1991,33 años,174 cm,Derecho,M,20,105K €,[],[]
796601,Deportivo Morón,ARG,21 jun 1995,29 años,182 cm,Derecho,M,5,93K €,[],[]
1114219,P.S. Kalamatas,ARG,19 abr 1999,25 años,178 cm,Derecho,M,20,170K €,[],[]
951068,Deportivo Morón,ARG,24 abr 1999,25 años,177 cm,Derecho,M,11,24K €,[],[]
585954,Deportivo Morón,ARG,14 jul 1988,36 años,178 cm,Derecho,M,10,77K €,[],[]
974744,Deportivo Morón,ARG,30 may 1998,26 años,177 cm,Derecho,M,10,325K €,[],[]
1597491,Deportivo Morón,ARG,10 dic 2000,23 años,174 cm,Derecho,M,15,,[],[]
1519382,Deportivo Morón,ARG,Posición,M,15,ARG,M,15,,[],[]
544188,Deportivo Morón,ARG,12 mar 1993,31 años,179 cm,Derecho,D,4,115K €,[],[]
1537864,Deportivo Morón,ARG,14 mar 2003,21 años,180 cm,Izquierdo,D,3,26K €,[],[]
941498,Deportivo Morón,ARG,28 ago 1998,26 años,183 cm,Izquierdo,D,15,190K €,[],[]
1128910,Deportivo Morón,ARG,2 ago 2001,23 años,175 cm,Derecho,D,4,,[],[]
873645,Deportivo Morón,ARG,28 ago 1996,28 años,187 cm,Ambos,D,2,165K €,[],[]
1001922,Deportivo Morón,ARG,2 mar 1995,29 años,185 cm,Derecho,D,2,145K €,[],[]
1108653,Deportivo Morón,ARG,30 nov 1990,33 años,184 cm,Izquierdo,D,6,73K €,[],[]
1398568,Deportivo Morón,ARG,18 mar 2001,23 años,180 cm,Derecho,D,2,52K €,[],[]
1879573,Deportivo Morón,ARG,9 jul 1994,30 años,189 cm,Izquierdo,D,6,47K €,[],[]
1983212,Deportivo Morón,ARG,Posición,D,14,ARG,D,14,,[],[]
1983215,Deportivo Morón,,Número de Camiseta,13,D,13,,,,[],[]
1092606,Deportivo Morón,ARG,9 ago 1999,25 años,196 cm,Izquierdo,G,12,190K €,[],[]
974632,Deportivo Morón,ARG,27 ene 2000,24 años,185 cm,Derecho,G,1,24K €,[],[]
1119711,Deportivo Morón,ARG,5 oct 2001,23 años,180 cm,Derecho,G,ARG,,[],[]
1924598,Deportivo Morón,,Número de Camiseta,12,G,12,,,,[],[]
1823620,Deportivo Morón,ARG,Número de Camiseta,8,ARG,8,,,,[],[]
128464,Almagro,STP,29 may 1987,37 años,176 cm,Derecho,F,9,49K €,[],[]
1597479,Almagro,ARG,27 oct 2005,19 años,F,7,ARG,19 años,,[],[]
1464536,Almagro,ARG,23 jun 2005,19 años,F,9,ARG,19 años,,[],[]
1108647,Almagro,ARG,6 ene 1999,25 años,178 cm,Derecho,F,15,110K €,[],[]
1117099,Almagro,ARG,3 mar 2001,23 años,178 cm,Derecho,F,11,27K €,[],[]
1927313,Almagro,ARG,7 ene 2004,20 años,F,20,ARG,20 años,,[],[]
1211612,Almagro,ARG,8 abr 2001,23 años,170 cm,Derecho,M,11,47K €,[],[]
289773,Almagro,ARG,20 feb 1989,35 años,177 cm,Derecho,M,5,72K €,[],[]
1654124,Almagro,ARG,23 nov 2002,21 años,183 cm,Derecho,M,8,,[],[]
1113234,Almagro,ARG,14 abr 2003,21 años,166 cm,Derecho,M,17,,[],[]
1654222,Almagro,ARG,11 sept 2000,24 años,174 cm,Ambos,M,10,73K €,[],[]
892452,Almagro,ARG,18 jul 1995,29 años,166 cm,Derecho,M,10,180K €,[],[]
940615,Almagro,ARG,12 may 1997,27 años,171 cm,Izquierdo,M,20,120K €,[],[]
1009157,Almagro,ARG,28 ago 1998,26 años,181 cm,Derecho,M,5,97K €,[],[]
1654118,Almagro,ARG,12 jul 1999,25 años,177 cm,Derecho,M,16,46K €,[],[]
1925364,Almagro,ARG,26 mar 2001,23 años,177 cm,M,19,ARG,46K €,[],[]
941097,Almagro,ARG,10 mar 1999,25 años,193 cm,Izquierdo,D,6,68K €,[],[]
249869,Almagro,ARG,3 feb 1992,32 años,182 cm,Derecho,D,2,79K €,[],[]
992092,Almagro,ARG,20 ago 1999,25 años,170 cm,Izquierdo,D,15,52K €,[],[]
1214752,Almagro,ARG,6 feb 2000,24 años,D,4,ARG,24 años,,[],[]
1925365,Almagro,ARG,Posición,D,17,ARG,D,17,,[],[]
249273,Almagro,ARG,24 jun 1988,36 años,180 cm,Derecho,D,6,24K €,[],[]
884996,Almagro,ARG,23 feb 1991,33 años,179 cm,Derecho,D,14,78K €,[],[]
897147,Almagro,ARG,13 jun 1993,31 años,180 cm,Derecho,D,2,45K €,[],[]
1654116,Almagro,ARG,28 abr 1998,26 años,172 cm,Izquierdo,D,3,,[],[]
1823624,Almagro,ARG,20 sept 2000,24 años,185 cm,Izquierdo,D,13,27K €,[],[]
1866164,Almagro,ARG,Altura,184 cm,D,19,ARG,184 cm,,[],[]
884994,Almagro,ARG,29 nov 1991,32 años,182 cm,Derecho,G,1,260K €,[],[]
993236,Almagro,ARG,29 may 1998,26 años,194 cm,Derecho,G,18,330K €,[],[]
1464530,Almagro,ARG,4 ene 2001,23 años,180 cm,Derecho,G,12,26K €,[],[]
1869186,Almagro,,Número de Camiseta,13,,,,,,[],[]
1925363,Almagro,ARG,Número de Camiseta,18,ARG,18,,,,[],[]
1965531,Almagro,,Número de Camiseta,14,,,,,,[],[]
1126363,Chaco For Ever,ARG,18 ene 2000,24 años,185 cm,Derecho,F,9,210K €,[],[]
1018417,Chaco For Ever,ARG,13 feb 2000,24 años,180 cm,Derecho,F,9,53K €,[],[]
1086944,Chaco For Ever,ARG,12 ago 2000,24 años,170 cm,Derecho,M,8,120K €,[],[]
1087050,Chaco For Ever,ARG,23 dic 2000,23 años,180 cm,Derecho,M,16,130K €,[],[]
1066569,Chaco For Ever,ARG,24 may 1999,25 años,169 cm,Derecho,M,15,52K €,[],[]
859658,Chaco For Ever,ARG,20 dic 1994,29 años,169 cm,Derecho,M,7,160K €,[],[]
1196552,Chaco For Ever,ARG,6 jul 1998,26 años,168 cm,Derecho,M,18,105K €,[],[]
1084965,Chaco For Ever,ARG,30 abr 1997,27 años,176 cm,Izquierdo,M,11,135K €,[],[]
979657,Chaco For Ever,ARG,28 abr 1998,26 años,180 cm,Derecho,M,7,190K €,[],[]
1192491,Chaco For Ever,ARG,23 sept 2001,23 años,M,8,ARG,23 años,,[],[]
1476372,Chaco For Ever,ARG,25 oct 2001,23 años,M,19,ARG,23 años,,[],[]
876726,Chaco For Ever,ARG,23 may 1996,28 años,171 cm,Izquierdo,M,10,73K €,[],[]
943793,Chaco For Ever,ARG,2 abr 1994,30 años,175 cm,Derecho,M,18,170K €,[],[]
583330,Chaco For Ever,ARG,26 ene 1991,33 años,182 cm,Derecho,M,16,190K €,[],[]
951085,Chaco For Ever,ARG,14 sept 1994,30 años,174 cm,Derecho,M,8,24K €,[],[]
1110291,Chaco For Ever,ARG,9 feb 1991,33 años,169 cm,Derecho,M,15,70K €,[],[]
1469355,Chaco For Ever,ARG,Posición,M,16,ARG,M,16,,[],[]
1020990,Chaco For Ever,URU,20 mar 1999,25 años,179 cm,Izquierdo,D,3,260K €,[],[]
1111886,Chaco For Ever,ARG,8 mar 1998,26 años,185 cm,Derecho,D,6,105K €,[],[]
885514,Chaco For Ever,ARG,10 feb 1996,28 años,174 cm,Izquierdo,D,11,26K €,[],[]
385316,Chaco For Ever,ARG,2 feb 1993,31 años,181 cm,Derecho,D,4,48K €,[],[]
1110685,Chaco For Ever,ARG,30 ago 1997,27 años,183 cm,Derecho,D,13,48K €,[],[]
860055,Chaco For Ever,ARG,6 abr 1993,31 años,174 cm,Derecho,D,2,46K €,[],[]
1196558,CA San Jorge,ARG,25 nov 1994,29 años,183 cm,Derecho,D,4,,[],[]
1653803,Chaco For Ever,ARG,2 jul 1997,27 años,173 cm,Derecho,D,12,,[],[]
1469748,Chaco For Ever,ARG,11 dic 1990,33 años,192 cm,Derecho,D,ARG,73K €,[],[]
1182418,Chaco For Ever,ARG,28 jul 1988,36 años,178 cm,Derecho,G,12,27K €,[],[]
1191264,Chaco For Ever,ARG,5 jun 1994,30 años,178 cm,Derecho,G,1,,[],[]
1565253,Chaco For Ever,,Número de Camiseta,13,,,,,,[],[]
1651226,Chaco For Ever,,Número de Camiseta,20,20 años,20,,,,[],[]
1872858,Chaco For Ever,,Número de Camiseta,14,,,,,,[],[]
1891005,Chaco For Ever,,Número de Camiseta,12,,,,,,[],[]
581794,Almirante Brown,ARG,26 sept 1994,30 años,170 cm,Derecho,F,7,135K €,[],[]
976095,Almirante Brown,ARG,12 dic 1998,25 años,170 cm,Derecho,F,10,195K €,[],[]
974690,Almirante Brown,ARG,22 feb 2002,22 años,178 cm,Derecho,F,9,120K €,[],[]
1108946,Almirante Brown,PAR,2 may 1994,30 años,175 cm,Derecho,F,19,,[],[]
1474733,Deportivo Riestra,ARG,30 mar 2002,22 años,180 cm,Izquierdo,F,20,,[],[]
1392536,Almirante Brown,ARG,12 oct 2002,22 años,F,18,ARG,22 años,,[],[]
1393522,Almirante Brown,ARG,30 mar 2002,22 años,180 cm,Izquierdo,F,20,,[],[]
1649336,Almirante Brown,ARG,7 abr 2003,21 años,165 cm,Derecho,F,17,,[],[]
1131036,Almirante Brown,ARG,1 may 2001,23 años,175 cm,Izquierdo,M,7,47K €,[],[]
358976,Almirante Brown,ARG,5 sept 1996,28 años,183 cm,Izquierdo,M,5,78K €,[],[]
1537840,Almirante Brown,ARG,5 abr 2003,21 años,168 cm,Derecho,M,5,80K €,[],[]
1125854,Almirante Brown,ARG,29 abr 2002,22 años,178 cm,Derecho,M,11,77K €,[],[]
1649338,Almirante Brown,ARG,31 ene 2002,22 años,M,18,ARG,22 años,,[],[]
249357,Almirante Brown,ARG,21 jun 1986,38 años,178 cm,Derecho,M,8,,[],[]
1819311,Almirante Brown,ARG,17 ene 2001,23 años,170 cm,Derecho,M,16,24K €,[],[]
1654533,Almirante Brown,ARG,18 sept 2003,21 años,180 cm,Derecho,M,16,27K €,[],[]
895202,Almirante Brown,ARG,19 abr 1989,35 años,173 cm,Derecho,M,17,,[],[]
895226,Almirante Brown,ARG,9 nov 1996,28 años,176 cm,Derecho,M,17,23K €,[],[]
974666,Almirante Brown,ARG,2 jul 1995,29 años,179 cm,Derecho,M,11,52K €,[],[]
1186071,Almirante Brown,ARG,11 ene 2001,23 años,M,6,ARG,23 años,,[],[]
1973015,Almirante Brown,ARG,26 jul 2006,18 años,M,14,ARG,18 años,,[],[]
1808300,Almirante Brown,ARG,16 ene 2004,20 años,183 cm,Izquierdo,D,6,,[],[]
1537829,Almirante Brown,ARG,28 abr 2003,21 años,171 cm,Derecho,D,15,,[],[]
1067805,Almirante Brown,ARG,30 mar 2000,24 años,185 cm,Derecho,D,13,23K €,[],[]
1110285,Almirante Brown,ARG,16 oct 1999,25 años,188 cm,Derecho,D,2,140K €,[],[]
1086981,Almirante Brown,ARG,5 oct 2000,24 años,182 cm,D,3,ARG,,[],[]
906815,Almirante Brown,ARG,13 mar 1996,28 años,175 cm,Izquierdo,D,3,69K €,[],[]
1537863,Almirante Brown,ARG,28 may 2003,21 años,178 cm,Derecho,D,14,,[],[]
932094,Almirante Brown,ARG,9 abr 1998,26 años,172 cm,Izquierdo,D,14,120K €,[],[]
1592903,Racing Club Harelbeke,POR,14 mar 2003,21 años,D,25,POR,21 años,,[],[]
830709,Almirante Brown,ARG,18 abr 1991,33 años,178 cm,Derecho,G,1,160K €,[],[]
1087063,Almirante Brown,ARG,13 feb 2002,22 años,188 cm,Derecho,G,36,,[],[]
1201092,Almirante Brown,ARG,14 feb 2000,24 años,182 cm,Derecho,G,12,,[],[]
1878438,Almirante Brown,ARG,24 jun 2004,20 años,17,ARG,20 años,17,,[],[]
1654392,Almirante Brown,,Número de Camiseta,18,,,,,,[],[]
1654480,Almirante Brown,ARG,30 abr 2003,21 años,3,ARG,21 años,3,,[],[]
1858337,Almirante Brown,,Número de Camiseta,4,,,,,,[],[]
1846418,Almirante Brown,ARG,Número de Camiseta,20,ARG,20,,,,[],[]
1894116,Almirante Brown,,Número de Camiseta,14,,,,,,[],[]
871518,Defensores Unidos,ARG,30 oct 1988,36 años,187 cm,Derecho,F,10,120K €,[],[]
1065970,Defensores Unidos,ARG,24 feb 1999,25 años,170 cm,Derecho,F,17,55K €,[],[]
897010,,ARG,3 feb 1984,40 años,187 cm,Derecho,F,9,,[],[]
788039,Aurora FC,ARG,7 mar 1993,31 años,182 cm,Derecho,F,20,53K €,[],[]
882655,Defensores Unidos,ARG,8 abr 1997,27 años,185 cm,Derecho,F,19,82K €,[],[]
1845571,Defensores Unidos,,Número de Camiseta,19,F,19,,,,[],[]
1943215,Defensores Unidos,ARG,Posición,F,7,ARG,F,7,,[],[]
1979889,Defensores Unidos,,Posición,F,12,20 años,F,12,,[],[]
938553,Defensores Unidos,USA,22 feb 1997,27 años,178 cm,Izquierdo,M,11,170K €,[],[]
940609,Defensores Unidos,ARG,30 may 1998,26 años,178 cm,Derecho,M,5,81K €,[],[]
883930,Defensores Unidos,ARG,8 feb 1996,28 años,177 cm,Derecho,M,16,160K €,[],[]
1183523,Defensores Unidos,ARG,23 may 1994,30 años,178 cm,Derecho,M,11,105K €,[],[]
1801720,Defensores Unidos,ARG,28 abr 2003,21 años,M,16,ARG,21 años,,[],[]
896954,Defensores Unidos,ARG,2 feb 1989,35 años,173 cm,Derecho,M,5,48K €,[],[]
1111551,Defensores Unidos,ARG,24 jul 1998,26 años,173 cm,Derecho,M,19,110K €,[],[]
1114507,Defensores Unidos,ARG,28 ene 2000,24 años,177 cm,Derecho,M,8,47K €,[],[]
1468143,Defensores Unidos,ARG,27 ene 1998,26 años,173 cm,M,10,ARG,,[],[]
1097896,Brown de Adrogué,ARG,6 mar 1998,26 años,M,9,ARG,26 años,,[],[]
1465278,Defensores Unidos,ARG,21 abr 2003,21 años,172 cm,Izquierdo,M,16,26K €,[],[]
1465291,Defensores Unidos,ARG,17 ene 1991,33 años,171 cm,Derecho,M,18,73K €,[],[]
1894514,Defensores Unidos,,Posición,M,15,22 años,M,15,,[],[]
822592,Defensores Unidos,ARG,24 oct 1998,26 años,168 cm,Izquierdo,D,3,140K €,[],[]
1465279,Defensores Unidos,ARG,3 jun 1988,36 años,184 cm,Derecho,D,2,,[],[]
789359,Defensores Unidos,ARG,18 nov 1994,29 años,178 cm,Derecho,D,13,73K €,[],[]
932871,Defensores Unidos,ARG,2 feb 1997,27 años,183 cm,Derecho,D,13,26K €,[],[]
1018437,Defensores Unidos,ARG,27 ago 1998,26 años,179 cm,Derecho,D,14,24K €,[],[]
1020524,Defensores Unidos,ARG,26 ene 1997,27 años,180 cm,Derecho,D,6,26K €,[],[]
1092330,Defensores Unidos,ARG,13 mar 1998,26 años,178 cm,Derecho,D,7,135K €,[],[]
1465277,Defensores Unidos,ARG,30 jun 1987,37 años,193 cm,Izquierdo,D,6,,[],[]
1465284,Defensores Unidos,ARG,22 may 2000,24 años,175 cm,Derecho,D,14,52K €,[],[]
1465296,Defensores Unidos,ARG,15 oct 2001,23 años,171 cm,Derecho,D,ARG,,[],[]
1597625,Defensores Unidos,ARG,22 may 2000,24 años,175 cm,Derecho,D,4,,[],[]
895225,Defensores Unidos,ARG,27 abr 1990,34 años,178 cm,Derecho,G,1,24K €,[],[]
755106,Defensores Unidos,ARG,27 oct 1993,31 años,188 cm,G,12,ARG,27K €,[],[]
1901985,Defensores Unidos,,Número de Camiseta,20,,,,,,[],[]
1965493,Defensores Unidos,,Número de Camiseta,4,,,,,,[],[]
1979886,Defensores Unidos,,Número de Camiseta,3,,,,,,[],[]
1979888,Defensores Unidos,,Número de Camiseta,8,,,,,,[],[]
1979891,Defensores Unidos,,Número de Camiseta,16,,,,,,[],[]
1979892,Defensores Unidos,,Número de Camiseta,17,,,,,,[],[]
1117089,Atlético de Rafaela,ARG,2 jun 2001,23 años,187 cm,Izquierdo,F,9,190K €,[],[]
248105,Atlético de Rafaela,ARG,30 ene 1991,33 años,178 cm,Derecho,F,18,110K €,[],[]
993488,Atlético de Rafaela,ARG,15 ene 1997,27 años,185 cm,Derecho,F,9,120K €,[],[]
250237,Atlético de Rafaela,ARG,8 abr 1992,32 años,181 cm,Derecho,F,19,145K €,[],[]
1116310,Atlético de Rafaela,ARG,5 ago 1995,29 años,182 cm,Derecho,F,19,170K €,[],[]
1894780,Atlético de Rafaela,ARG,30 nov 2004,19 años,F,20,ARG,19 años,,[],[]
1984718,Atlético de Rafaela,,Posición,F,21,17 años,F,21,,[],[]
941539,Atlético de Rafaela,ARG,7 mar 1994,30 años,179 cm,Derecho,M,ARG,295K €,[],[]
1131065,Atlético de Rafaela,ARG,11 ago 2004,20 años,M,10,ARG,20 años,,[],[]
895207,Atlético de Rafaela,ARG,7 abr 1995,29 años,169 cm,Derecho,M,11,160K €,[],[]
857479,Atlético de Rafaela,ARG,4 nov 1996,28 años,172 cm,Derecho,M,27,310K €,[],[]
828869,Atlético de Rafaela,ARG,3 jul 1988,36 años,179 cm,Derecho,M,8,110K €,[],[]
333761,Atlético de Rafaela,ARG,19 jul 1994,30 años,178 cm,Derecho,M,5,295K €,[],[]
384262,Atlético de Rafaela,ARG,5 mar 1992,32 años,170 cm,Izquierdo,M,7,185K €,[],[]
551384,Atlético de Rafaela,ARG,21 ene 1995,29 años,179 cm,Derecho,M,15,24K €,[],[]
248093,Atlético de Rafaela,ARG,21 sept 1990,34 años,165 cm,Derecho,M,5,155K €,[],[]
1197692,Atlético de Rafaela,ARG,28 ene 2000,24 años,187 cm,Derecho,M,18,97K €,[],[]
1561867,Atlético de Rafaela,ARG,Altura,178 cm,Izquierdo,M,23,ARG,,[],[]
898894,Atlético de Rafaela,ARG,21 sept 1996,28 años,175 cm,Izquierdo,M,17,46K €,[],[]
1498725,Atlético de Rafaela,ARG,Posición,M,17,ARG,M,17,,[],[]
1839311,Atlético de Rafaela,ARG,Altura,179 cm,M,17,ARG,179 cm,,[],[]
1653802,Atlético de Rafaela,ARG,8 abr 2004,20 años,M,14,ARG,20 años,,[],[]
1831286,Atlético de Rafaela,,Número de Camiseta,16,M,16,,,,[],[]
1917953,Atlético de Rafaela,,Posición,M,16,18 años,M,16,,[],[]
1510239,Atlético de Rafaela,ARG,5 may 2003,21 años,185 cm,Derecho,D,4,47K €,[],[]
1218007,Atlético de Rafaela,ARG,25 feb 2004,20 años,189 cm,Derecho,D,6,,[],[]
895351,Atlético de Rafaela,ARG,11 may 1998,26 años,176 cm,Izquierdo,D,3,215K €,[],[]
584002,Atlético de Rafaela,ARG,19 nov 1992,31 años,192 cm,Derecho,D,4,345K €,[],[]
1103492,Atlético de Rafaela,PAR,16 sept 1996,28 años,187 cm,Derecho,D,13,105K €,[],[]
932883,Atlético de Rafaela,ARG,30 may 1995,29 años,177 cm,Izquierdo,D,2,140K €,[],[]
1831285,Atlético de Rafaela,,Número de Camiseta,22,D,22,,,,[],[]
1654125,Atlético de Rafaela,ARG,11 oct 2002,22 años,Derecho,D,ARG,22 años,,[],[]
1897921,Atlético de Rafaela,ARG,27 abr 2005,19 años,D,14,ARG,19 años,,[],[]
1653800,Atlético de Rafaela,ARG,17 ene 2002,22 años,D,ARG,22 años,D,,[],[]
1823168,Atlético de Rafaela,,Número de Camiseta,4,D,4,,,,[],[]
1870955,Atlético de Rafaela,ARG,16 feb 2006,18 años,D,14,ARG,18 años,,[],[]
1870957,Atlético de Rafaela,ARG,21 mar 2004,20 años,D,15,ARG,20 años,,[],[]
340747,Atlético de Rafaela,ARG,3 nov 1989,35 años,189 cm,Derecho,G,1,23K €,[],[]
1127423,Atlético de Rafaela,ARG,1 ene 2000,24 años,185 cm,Derecho,G,12,27K €,[],[]
1169610,Atlético de Rafaela,ARG,11 abr 2000,24 años,182 cm,Derecho,G,12,,[],[]
1507131,Atlético de Rafaela,ARG,Posición,G,1,ARG,G,1,,[],[]
1818105,Atlético de Rafaela,,Número de Camiseta,20,,,,,,[],[]
1834396,Atlético de Rafaela,ARG,22 jul 2003,21 años,ARG,21 años,,,,[],[]
992074,Brown de Adrogué,ARG,10 ago 1992,32 años,185 cm,Derecho,F,19,165K €,[],[]
932862,Brown de Adrogué,ARG,20 ene 1993,31 años,179 cm,Derecho,F,20,140K €,[],[]
288837,Brown de Adrogué,ARG,27 ene 1993,31 años,185 cm,F,9,ARG,120K €,[],[]
1086994,Brown de Adrogué,ARG,15 ago 1999,25 años,177 cm,Ambos,M,5,52K €,[],[]
973659,Brown de Adrogué,ARG,10 mar 1988,36 años,180 cm,Derecho,M,10,,[],[]
1131817,Brown de Adrogué,ARG,18 mar 2002,22 años,175 cm,Derecho,M,11,53K €,[],[]
1385660,Brown de Adrogué,ARG,9 dic 2003,20 años,180 cm,Izquierdo,M,21,26K €,[],[]
941421,Brown de Adrogué,ARG,25 may 1998,26 años,183 cm,Izquierdo,M,3,68K €,[],[]
1201524,Brown de Adrogué,ARG,11 ene 2002,22 años,162 cm,Izquierdo,M,18,23K €,[],[]
1656797,Brown de Adrogué,,Número de Camiseta,17,M,17,,,,[],[]
896860,Brown de Adrogué,ARG,18 dic 1991,32 años,190 cm,Derecho,M,5,23K €,[],[]
1086922,Brown de Adrogué,ARG,12 feb 2000,24 años,M,14,ARG,24 años,,[],[]
1474911,Brown de Adrogué,ARG,10 abr 2002,22 años,174 cm,Derecho,M,8,105K €,[],[]
1942427,Brown de Adrogué,ARG,1 ene 2000,24 años,M,22,ARG,24 años,,[],[]
1493175,Brown de Adrogué,CHI,29 may 2002,22 años,192 cm,Izquierdo,D,13,27K €,[],[]
905493,Brown de Adrogué,ARG,2 jul 1999,25 años,182 cm,Izquierdo,D,15,71K €,[],[]
174891,Brown de Adrogué,ARG,6 abr 1988,36 años,185 cm,Derecho,D,2,26K €,[],[]
1087012,Brown de Adrogué,ARG,31 mar 1998,26 años,168 cm,Derecho,D,7,110K €,[],[]
1656965,Brown de Adrogué,ARG,25 abr 1998,26 años,185 cm,Derecho,D,4,24K €,[],[]
884995,Brown de Adrogué,ARG,16 may 1991,33 años,178 cm,Derecho,D,13,70K €,[],[]
1180813,Rosario Central,ARG,24 ene 2001,23 años,D,16,ARG,23 años,,[],[]
1490857,Brown de Adrogué,ARG,11 sept 2003,21 años,186 cm,Izquierdo,D,6,27K €,[],[]
830692,Brown de Adrogué,ARG,12 ene 1994,30 años,186 cm,Derecho,G,1,,[],[]
1654178,Brown de Adrogué,ARG,18 feb 1994,30 años,187 cm,G,12,ARG,,[],[]
1656798,Brown de Adrogué,,Número de Camiseta,4,,,,,,[],[]
1907916,Brown de Adrogué,,Número de Camiseta,9,,,,,,[],[]
1872419,Brown de Adrogué,,Número de Camiseta,12,,,,,,[],[]
1879593,Brown de Adrogué,,Número de Camiseta,23,,,,,,[],[]
846158,San Martín de Tucumán,URU,17 may 1993,31 años,170 cm,Derecho,F,9,480K €,[],[]
88945,San Martín de Tucumán,ARG,21 oct 1983,41 años,184 cm,Izquierdo,F,20,,[],[]
1127517,San Martín de Tucumán,ARG,8 mar 2001,23 años,186 cm,Derecho,F,18,53K €,[],[]
1182500,San Martín de Tucumán,ARG,29 ene 1999,25 años,180 cm,Derecho,F,18,81K €,[],[]
120965,,CHI,24 oct 1986,38 años,184 cm,Izquierdo,M,16,,[],[]
340863,San Martín de Tucumán,ARG,22 oct 1991,33 años,174 cm,Izquierdo,M,11,310K €,[],[]
37937,San Martín de Tucumán,ARG,4 jun 1988,36 años,163 cm,Izquierdo,M,10,97K €,[],[]
939950,San Martín de Tucumán,ARG,4 jul 1997,27 años,170 cm,Derecho,M,5,245K €,[],[]
932899,San Martín de Tucumán,ARG,18 sept 1990,34 años,178 cm,Derecho,M,19,23K €,[],[]
1120461,San Martín de Tucumán,ARG,14 jul 2001,23 años,164 cm,M,17,ARG,170K €,[],[]
1095005,San Martín de Tucumán,ARG,26 mar 2002,22 años,175 cm,Derecho,M,22,120K €,[],[]
1097750,San Martín de Tucumán,ARG,4 jun 2001,23 años,173 cm,Izquierdo,M,16,110K €,[],[]
830586,San Martín de Tucumán,ARG,11 nov 1995,29 años,179 cm,Izquierdo,M,7,105K €,[],[]
823983,San Martín de Tucumán,ARG,5 abr 1997,27 años,180 cm,Derecho,M,16,115K €,[],[]
1465702,San Martín de Tucumán,ARG,Posición,M,15,ARG,M,15,,[],[]
1949731,San Martín de Tucumán,ARG,12 dic 2003,20 años,M,ARG,20 años,M,,[],[]
332777,San Martín de Tucumán,ARG,4 jun 1993,31 años,174 cm,Izquierdo,D,3,270K €,[],[]
581630,San Martín de Tucumán,ARG,26 sept 1992,32 años,171 cm,Derecho,D,4,335K €,[],[]
939949,San Martín de Tucumán,ARG,1 may 1997,27 años,193 cm,Derecho,D,2,170K €,[],[]
1110288,San Martín de Tucumán,ARG,20 abr 1999,25 años,190 cm,Derecho,D,6,365K €,[],[]
1085930,San Martín de Tucumán,ARG,7 nov 2002,22 años,176 cm,D,15,ARG,120K €,[],[]
938547,San Martín de Tucumán,ARG,8 ene 1996,28 años,182 cm,Derecho,D,13,270K €,[],[]
1654129,San Martín de Tucumán,ARG,23 abr 2004,20 años,187 cm,Derecho,D,23,70K €,[],[]
249999,San Martín de Tucumán,ARG,11 feb 1991,33 años,175 cm,Izquierdo,D,14,81K €,[],[]
872142,San Martín de Tucumán,ARG,28 mar 1996,28 años,173 cm,Derecho,D,14,23K €,[],[]
1003021,San Martín de Tucumán,ARG,19 sept 2003,21 años,192 cm,Derecho,G,12,120K €,[],[]
932935,San Martín de Tucumán,ARG,4 feb 1988,36 años,180 cm,Derecho,G,1,92K €,[],[]
992977,San Martín de Tucumán,ARG,4 jul 1991,33 años,183 cm,Derecho,G,12,23K €,[],[]
1949730,San Martín de Tucumán,,,,,,,,,[],[]
1957498,San Martín de Tucumán,,Número de Camiseta,17,,,,,,[],[]
106231,San Martín de San Juan,ARG,1 jul 1987,37 años,178 cm,Derecho,F,18,48K €,[],[]
842864,San Martín de San Juan,ARG,26 abr 1996,28 años,183 cm,Derecho,F,20,135K €,[],[]
1017377,San Martín de San Juan,ARG,2 jul 1999,25 años,170 cm,Derecho,M,11,315K €,[],[]
946195,San Martín de San Juan,ARG,8 ago 1998,26 años,173 cm,Derecho,M,7,750K €,[],[]
789383,San Martín de San Juan,ARG,8 jun 1994,30 años,180 cm,Derecho,M,14,47K €,[],[]
974657,San Martín de San Juan,ARG,4 dic 1997,26 años,180 cm,Derecho,M,8,460K €,[],[]
340939,San Martín de San Juan,ARG,6 feb 1990,34 años,173 cm,Izquierdo,M,14,26K €,[],[]
1108120,San Martín de San Juan,ARG,18 may 1999,25 años,184 cm,Derecho,M,17,46K €,[],[]
1092345,San Martín de San Juan,ARG,13 mar 2000,24 años,181 cm,Derecho,M,15,77K €,[],[]
1444671,San Martín de San Juan,ARG,19 abr 2005,19 años,M,19,ARG,19 años,,[],[]
79711,San Martín de San Juan,ARG,4 mar 1992,32 años,175 cm,Derecho,M,10,210K €,[],[]
316030,San Martín de San Juan,ARG,27 dic 1992,31 años,168 cm,Derecho,M,5,270K €,[],[]
895355,San Martín de San Juan,ARG,18 feb 1993,31 años,181 cm,Derecho,M,19,170K €,[],[]
1650462,San Martín de San Juan,ARG,4 ene 1997,27 años,170 cm,Izquierdo,M,19,190K €,[],[]
1146863,San Martín de San Juan,ARG,Posición,M,16,ARG,M,16,,[],[]
1404579,San Martín de San Juan,,Número de Camiseta,14,M,14,,,,[],[]
1534011,San Martín de San Juan,SPM,Posición,M,18,SPM,M,18,,[],[]
332863,San Martín de San Juan,ARG,13 sept 1993,31 años,174 cm,Derecho,D,4,46K €,[],[]
922439,San Martín de San Juan,ARG,16 jun 1997,27 años,192 cm,Derecho,D,13,160K €,[],[]
1022258,San Martín de San Juan,ARG,14 jul 1999,25 años,185 cm,Izquierdo,D,3,130K €,[],[]
1108449,San Martín de San Juan,ARG,29 ago 1997,27 años,193 cm,Derecho,D,2,120K €,[],[]
1182427,San Martín de San Juan,ARG,14 oct 2000,24 años,188 cm,Izquierdo,D,6,73K €,[],[]
897111,San Martín de San Juan,ARG,25 mar 1996,28 años,166 cm,Izquierdo,D,3,90K €,[],[]
902452,San Martín de San Juan,ARG,10 ago 1997,27 años,168 cm,Derecho,D,4,325K €,[],[]
1650463,San Martín de San Juan,ARG,27 ene 2002,22 años,182 cm,Derecho,D,16,,[],[]
1863115,San Martín de San Juan,ARG,12 may 1999,25 años,177 cm,Izquierdo,D,14,,[],[]
934122,San Martín de San Juan,ARG,21 ago 1998,26 años,186 cm,Derecho,G,1,260K €,[],[]
789879,San Martín de San Juan,ARG,13 mar 1998,26 años,183 cm,Derecho,G,12,27K €,[],[]
1654475,San Martín de San Juan,ARG,Número de Camiseta,17,ARG,17,,,,[],[]
1831197,San Martín de San Juan,,Número de Camiseta,16,,,,,,[],[]
220104,Quilmes Atlético Club,ARG,13 abr 1987,37 años,186 cm,Derecho,F,9,82K €,[],[]
79688,Quilmes Atlético Club,ARG,15 feb 1987,37 años,173 cm,Derecho,F,19,23K €,[],[]
1653799,Quilmes Atlético Club,ARG,18 jul 2006,18 años,183 cm,Derecho,F,9,,[],[]
1907930,Quilmes Atlético Club,ARG,28 nov 2005,18 años,F,18,ARG,18 años,,[],[]
1466651,Quilmes Atlético Club,ARG,15 jul 2003,21 años,176 cm,Derecho,F,18,27K €,[],[]
1653790,Quilmes Atlético Club,ARG,21 oct 2003,21 años,F,20,ARG,21 años,,[],[]
1799507,Quilmes Atlético Club,ARG,12 oct 2003,21 años,186 cm,Derecho,F,17,26K €,[],[]
1187055,Quilmes Atlético Club,ARG,18 may 2003,21 años,168 cm,Derecho,M,20,465K €,[],[]
249667,Quilmes Atlético Club,ARG,10 mar 1987,37 años,170 cm,Derecho,M,8,26K €,[],[]
946161,Quilmes Atlético Club,ARG,22 mar 1994,30 años,178 cm,Derecho,M,7,240K €,[],[]
1084975,Quilmes Atlético Club,ARG,21 jul 1995,29 años,178 cm,Izquierdo,M,10,290K €,[],[]
1653792,Quilmes Atlético Club,ARG,30 jun 2006,18 años,178 cm,Izquierdo,M,15,120K €,[],[]
946179,Quilmes Atlético Club,ARG,23 feb 1990,34 años,170 cm,Izquierdo,M,5,69K €,[],[]
1017458,Quilmes Atlético Club,ARG,30 dic 1999,24 años,178 cm,Derecho,M,13,310K €,[],[]
1418610,Quilmes Atlético Club,ARG,27 nov 2003,20 años,188 cm,Derecho,M,13,69K €,[],[]
1512471,Quilmes Atlético Club,ARG,9 may 2002,22 años,182 cm,Derecho,M,11,335K €,[],[]
1418612,Quilmes Atlético Club,ARG,Posición,M,16,ARG,M,16,,[],[]
1799515,Quilmes Atlético Club,ARG,27 sept 2003,21 años,180 cm,Derecho,M,16,,[],[]
1981620,Quilmes Atlético Club,ARG,27 may 2005,19 años,M,ARG,19 años,M,,[],[]
1981658,Quilmes Atlético Club,ARG,27 may 2005,19 años,M,ARG,19 años,M,,[],[]
1116121,Quilmes Atlético Club,ARG,13 jun 2003,21 años,187 cm,Derecho,D,6,120K €,[],[]
929459,Quilmes Atlético Club,ARG,9 mar 1997,27 años,177 cm,Derecho,D,4,295K €,[],[]
1121486,Quilmes Atlético Club,URU,21 ene 1994,30 años,175 cm,Izquierdo,D,14,165K €,[],[]
1650445,Quilmes Atlético Club,ARG,5 mar 2004,20 años,168 cm,Derecho,D,18,26K €,[],[]
1182432,Quilmes Atlético Club,ARG,16 ago 1996,28 años,170 cm,Izquierdo,D,11,210K €,[],[]
1169599,Quilmes Atlético Club,ARG,12 ago 1999,25 años,180 cm,Derecho,D,2,380K €,[],[]
1908080,Quilmes Atlético Club,ARG,14 may 2004,20 años,D,2,ARG,20 años,,[],[]
1653804,Quilmes Atlético Club,ARG,Posición,D,13,ARG,D,13,,[],[]
1907929,Quilmes Atlético Club,,Número de Camiseta,3,D,3,,,,[],[]
1182406,Quilmes Atlético Club,ARG,6 mar 2000,24 años,173 cm,Izquierdo,D,3,77K €,[],[]
1020507,Quilmes Atlético Club,SYR,8 ene 1999,25 años,185 cm,Derecho,G,1,315K €,[],[]
1186061,Quilmes Atlético Club,ARG,21 abr 1983,41 años,179 cm,Derecho,G,12,,[],[]
1114506,Quilmes Atlético Club,ARG,3 oct 2000,24 años,G,12,ARG,24 años,,[],[]
1907928,Quilmes Atlético Club,,,,,,,,,[],[]
1979868,Quilmes Atlético Club,,Número de Camiseta,14,,,,,,[],[]
1979971,Quilmes Atlético Club,,30 ago 2005,19 años,,,,,,[],[]
1130221,All Boys,ARG,2 feb 1999,25 años,196 cm,F,9,ARG,,[],[]
1020531,All Boys,ARG,9 may 1994,30 años,180 cm,Derecho,F,9,210K €,[],[]
1654081,All Boys,ARG,8 ene 2004,20 años,172 cm,Derecho,F,19,52K €,[],[]
1486752,All Boys,ARG,10 ago 2001,23 años,173 cm,Derecho,F,10,80K €,[],[]
1865926,All Boys,ARG,Posición,F,19,ARG,F,19,,[],[]
990059,All Boys,ARG,7 abr 1999,25 años,183 cm,Derecho,M,8,72K €,[],[]
312032,All Boys,ARG,24 may 1989,35 años,181 cm,Izquierdo,M,11,160K €,[],[]
883924,All Boys,ARG,1 may 1993,31 años,167 cm,Derecho,M,11,120K €,[],[]
906812,All Boys,ARG,19 ene 1993,31 años,169 cm,Derecho,M,20,97K €,[],[]
1215983,All Boys,ARG,8 ene 2002,22 años,177 cm,Derecho,M,16,260K €,[],[]
340453,All Boys,ARG,8 mar 1991,33 años,180 cm,Derecho,M,5,68K €,[],[]
1018466,All Boys,ARG,23 jul 1998,26 años,174 cm,Izquierdo,M,19,135K €,[],[]
1605505,All Boys,ARG,14 jun 2000,24 años,180 cm,Derecho,M,7,,[],[]
1142011,All Boys,ARG,3 may 2002,22 años,176 cm,Derecho,M,20,23K €,[],[]
1549520,All Boys,ARG,17 mar 2003,21 años,M,7,ARG,21 años,,[],[]
1654079,All Boys,ARG,5 may 2002,22 años,174 cm,Izquierdo,M,17,73K €,[],[]
1835882,All Boys,ARG,1 ene 2003,21 años,172 cm,Derecho,M,16,,[],[]
1549513,All Boys,ARG,Posición,M,16,ARG,M,16,,[],[]
1654080,All Boys,ARG,2 jun 2004,20 años,182 cm,Derecho,M,15,,[],[]
1086327,All Boys,ARG,20 jun 2001,23 años,179 cm,Izquierdo,D,3,91K €,[],[]
80540,All Boys,ARG,28 abr 1989,35 años,180 cm,Derecho,D,2,52K €,[],[]
79669,All Boys,ARG,12 abr 1985,39 años,170 cm,Derecho,D,4,,[],[]
248147,All Boys,ARG,8 may 1987,37 años,187 cm,Derecho,D,6,27K €,[],[]
1464537,All Boys,ARG,30 nov 1999,24 años,179 cm,Izquierdo,D,14,93K €,[],[]
1146860,All Boys,ARG,23 ene 1997,27 años,190 cm,Derecho,D,13,24K €,[],[]
1488560,All Boys,ARG,1 ene 2002,22 años,190 cm,Derecho,D,6,49K €,[],[]
1965477,All Boys,ARG,22 nov 2003,20 años,D,13,ARG,20 años,,[],[]
1468117,All Boys,ARG,18 dic 1995,28 años,185 cm,Izquierdo,G,1,140K €,[],[]
1131275,All Boys,ARG,23 ene 2003,21 años,180 cm,Derecho,G,12,,[],[]
1654074,All Boys,ARG,15 dic 1996,27 años,185 cm,Derecho,G,12,,[],[]
1908059,All Boys,,Número de Camiseta,18,,,,,,[],[]
1654078,All Boys,,Número de Camiseta,15,,,,,,[],[]
1116471,Gimnasia Jujuy,PAR,16 feb 2001,23 años,170 cm,Ambos,F,19,,[],[]
47333,Gimnasia Jujuy,ARG,2 abr 1988,36 años,184 cm,Derecho,F,18,55K €,[],[]
988326,Gimnasia Jujuy,ARG,5 ago 1997,27 años,170 cm,Izquierdo,F,20,52K €,[],[]
1891702,Belgrano Reserve,PAR,16 feb 2001,23 años,170 cm,Derecho,F,20,,[],[]
834022,Gimnasia Jujuy,ARG,4 ene 1990,34 años,186 cm,Derecho,F,9,23K €,[],[]
1474909,Gimnasia Jujuy,,Número de Camiseta,17,F,17,,,,[],[]
1131033,Gimnasia Jujuy,ARG,16 abr 1999,25 años,176 cm,Derecho,M,17,105K €,[],[]
1151708,Gimnasia Jujuy,ARG,9 mar 2003,21 años,184 cm,Derecho,M,20,280K €,[],[]
246161,Gimnasia Jujuy,URU,16 feb 1990,34 años,174 cm,Derecho,M,5,120K €,[],[]
1126884,Gimnasia Jujuy,ARG,29 dic 2001,22 años,169 cm,Derecho,M,7,310K €,[],[]
1092314,Gimnasia Jujuy,ARG,6 mar 1996,28 años,170 cm,Derecho,M,8,135K €,[],[]
1597504,Gimnasia Jujuy,ARG,13 mar 1998,26 años,181 cm,Derecho,M,8,73K €,[],[]
943794,Gimnasia Jujuy,ARG,8 oct 1990,34 años,178 cm,Izquierdo,M,10,52K €,[],[]
1097900,Gimnasia Jujuy,ARG,1 feb 2002,22 años,181 cm,Derecho,M,16,210K €,[],[]
1214380,Gimnasia Jujuy,ARG,1 jul 2002,22 años,171 cm,M,11,ARG,,[],[]
41551,,ARG,4 jun 1984,40 años,183 cm,Derecho,D,99,,[],[]
1095779,Gimnasia Jujuy,ARG,18 nov 2000,23 años,184 cm,Derecho,D,4,105K €,[],[]
789631,Gimnasia Jujuy,ARG,19 nov 1987,36 años,177 cm,Izquierdo,D,6,23K €,[],[]
863307,Gimnasia Jujuy,ARG,28 ago 1997,27 años,175 cm,Izquierdo,D,15,155K €,[],[]
295165,Gimnasia Jujuy,ARG,7 mar 1989,35 años,177 cm,Izquierdo,D,2,54K €,[],[]
895230,Gimnasia Jujuy,ARG,7 mar 1994,30 años,183 cm,Izquierdo,D,3,235K €,[],[]
932939,Gimnasia Jujuy,ARG,19 may 1992,32 años,181 cm,Derecho,D,4,73K €,[],[]
1387238,Gimnasia Jujuy,ARG,26 mar 2003,21 años,177 cm,Derecho,D,16,52K €,[],[]
1597936,Gimnasia Jujuy,ARG,23 sept 2000,24 años,177 cm,Derecho,D,14,135K €,[],[]
1138077,Gimnasia Jujuy,ARG,22 abr 1995,29 años,184 cm,Derecho,D,13,140K €,[],[]
776197,Gimnasia Jujuy,ARG,6 ene 1993,31 años,185 cm,Derecho,G,12,79K €,[],[]
992971,Gimnasia Jujuy,ARG,13 jul 1998,26 años,183 cm,Izquierdo,G,1,24K €,[],[]
1021871,,ARG,25 mar 1986,38 años,180 cm,Derecho,G,12,,[],[]
1879955,Gimnasia Jujuy,,Número de Camiseta,20,,,,,,[],[]
1979809,Gimnasia Jujuy,,Número de Camiseta,13,,,,,,[],[]
1117068,Estudiantes de Buenos Aires,ARG,10 feb 2003,21 años,172 cm,Derecho,F,19,170K €,[],[]
1654088,Estudiantes de Buenos Aires,ARG,31 may 2005,19 años,Derecho,F,19,ARG,,[],[]
1388907,Estudiantes de Buenos Aires,ARG,9 jun 2002,22 años,173 cm,Derecho,F,9,235K €,[],[]
1605139,Estudiantes de Buenos Aires,URU,14 dic 1998,25 años,182 cm,Izquierdo,F,19,,[],[]
844534,Estudiantes de Buenos Aires,ARG,22 sept 1992,32 años,190 cm,Izquierdo,F,20,270K €,[],[]
1883371,Talleres de Córdoba Reserve,ARG,10 feb 2003,21 años,172 cm,Derecho,F,10,,[],[]
1485593,Estudiantes de Buenos Aires,ARG,15 sept 2003,21 años,181 cm,Derecho,M,30,,[],[]
1382065,Estudiantes de Buenos Aires,ARG,10 may 2001,23 años,170 cm,M,5,ARG,195K €,[],[]
1385677,Estudiantes de Buenos Aires,ARG,10 jun 2002,22 años,180 cm,Derecho,M,18,52K €,[],[]
1164852,Estudiantes de Buenos Aires,ARG,29 abr 2001,23 años,169 cm,Derecho,M,11,77K €,[],[]
1489693,Estudiantes de Buenos Aires,ARG,7 nov 2002,22 años,175 cm,Izquierdo,M,17,23K €,[],[]
1001815,Estudiantes de Buenos Aires,ARG,7 mar 1997,27 años,183 cm,Derecho,M,7,165K €,[],[]
1887616,Boca Juniors Reserve,ARG,15 sept 2003,21 años,181 cm,Derecho,M,11,,[],[]
944659,Estudiantes de Buenos Aires,ARG,28 dic 1996,27 años,178 cm,Derecho,M,8,81K €,[],[]
1020528,Estudiantes de Buenos Aires,ARG,14 oct 1997,27 años,173 cm,Derecho,M,15,355K €,[],[]
1561727,Estudiantes de Buenos Aires,ARG,17 jun 2003,21 años,M,18,ARG,21 años,,[],[]
1095678,Estudiantes de Buenos Aires,ARG,2 feb 1990,34 años,179 cm,Derecho,M,16,26K €,[],[]
1957556,Estudiantes de Buenos Aires,ARG,6 feb 1990,34 años,179 cm,Derecho,M,8,,[],[]
830700,Estudiantes de Buenos Aires,ARG,4 feb 1992,32 años,176 cm,Derecho,D,4,245K €,[],[]
974678,Estudiantes de Buenos Aires,ARG,20 jun 1995,29 años,178 cm,Izquierdo,D,3,95K €,[],[]
918238,Estudiantes de Buenos Aires,ARG,7 ene 1993,31 años,175 cm,Derecho,D,4,52K €,[],[]
1119713,Estudiantes de Buenos Aires,ARG,14 oct 1998,26 años,178 cm,Derecho,D,3,145K €,[],[]
1597469,Deportivo Riestra,ARG,2 jun 1994,30 años,D,2,ARG,30 años,,[],[]
316166,Estudiantes de Buenos Aires,ARG,27 ene 1993,31 años,180 cm,Izquierdo,D,6,55K €,[],[]
1020509,Estudiantes de Buenos Aires,ARG,8 mar 1999,25 años,183 cm,Derecho,D,13,160K €,[],[]
789382,Estudiantes de Buenos Aires,ARG,2 ago 1995,29 años,185 cm,Derecho,D,14,270K €,[],[]
1130764,Estudiantes de Buenos Aires,ARG,Altura,177 cm,Derecho,D,15,ARG,,[],[]
1518962,Estudiantes de Buenos Aires,ARG,20 jun 1994,30 años,185 cm,Derecho,D,14,135K €,[],[]
1654180,Estudiantes de Buenos Aires,ARG,24 may 2001,23 años,D,15,ARG,23 años,,[],[]
1108944,Estudiantes de Buenos Aires,ARG,3 jul 1995,29 años,187 cm,Derecho,G,1,190K €,[],[]
974726,Estudiantes de Buenos Aires,ARG,21 dic 1999,24 años,193 cm,Derecho,G,12,23K €,[],[]
1936657,Estudiantes de Buenos Aires,,Número de Camiseta,18,,,,,,[],[]
1942474,Estudiantes de Buenos Aires,,Número de Camiseta,16,,,,,,[],[]
931227,Racing de Córdoba,PAR,23 nov 1996,27 años,188 cm,Izquierdo,F,24,145K €,[],[]
1508530,Racing de Córdoba,ARG,20 sept 2000,24 años,184 cm,Derecho,F,18,52K €,[],[]
249875,Racing de Córdoba,ARG,21 feb 1990,34 años,175 cm,Derecho,F,7,105K €,[],[]
988281,Racing de Córdoba,ARG,19 ene 1993,31 años,188 cm,Derecho,F,9,155K €,[],[]
1657168,Racing de Córdoba,ARG,1 ene 2006,18 años,181 cm,Derecho,F,16,,[],[]
1519358,Racing de Córdoba,,Número de Camiseta,18,F,18,,,,[],[]
1383221,Racing de Córdoba,ARG,19 oct 2000,24 años,177 cm,Derecho,F,ARG,,[],[]
1469366,Racing de Córdoba,ARG,7 jul 2002,22 años,F,11,ARG,22 años,,[],[]
1015255,Racing de Córdoba,ARG,18 may 1999,25 años,172 cm,Derecho,M,16,115K €,[],[]
1491299,Racing de Córdoba,ARG,29 jul 2000,24 años,177 cm,Derecho,M,8,71K €,[],[]
829938,Racing de Córdoba,ARG,23 ene 1995,29 años,181 cm,Izquierdo,M,3,140K €,[],[]
830751,Racing de Córdoba,ARG,28 mar 1993,31 años,171 cm,Derecho,M,17,68K €,[],[]
924224,Racing de Córdoba,ARG,2 ene 1994,30 años,171 cm,Izquierdo,M,20,79K €,[],[]
1210369,Racing de Córdoba,ARG,4 ago 1996,28 años,173 cm,Derecho,M,19,120K €,[],[]
1469420,Racing de Córdoba,ARG,7 jul 2002,22 años,173 cm,Derecho,M,11,26K €,[],[]
1108457,Racing de Córdoba,ARG,18 jun 1996,28 años,173 cm,Derecho,M,10,,[],[]
1116337,Racing de Córdoba,ARG,18 jun 1996,28 años,173 cm,Derecho,M,10,120K €,[],[]
1478389,Racing de Córdoba,ARG,27 may 1997,27 años,168 cm,Derecho,M,17,46K €,[],[]
1836801,Racing de Córdoba,ARG,12 nov 2001,23 años,M,5,ARG,23 años,,[],[]
1855873,Racing de Córdoba,ARG,4 oct 2000,24 años,176 cm,Derecho,M,17,26K €,[],[]
1210374,Racing de Córdoba,ARG,7 ago 1993,31 años,190 cm,Ambos,D,2,195K €,[],[]
843271,Racing de Córdoba,ARG,23 mar 1990,34 años,184 cm,Derecho,D,13,68K €,[],[]
789368,Racing de Córdoba,ARG,25 sept 1988,36 años,177 cm,Izquierdo,D,14,47K €,[],[]
1018421,Racing de Córdoba,ARG,19 abr 2000,24 años,176 cm,Izquierdo,D,4,78K €,[],[]
249889,Racing de Córdoba,ARG,4 may 1987,37 años,188 cm,Derecho,D,13,27K €,[],[]
862298,Racing de Córdoba,ARG,6 jun 1995,29 años,176 cm,Izquierdo,D,6,81K €,[],[]
1859240,Racing de Córdoba,ARG,26 dic 2000,23 años,185 cm,Izquierdo,D,14,,[],[]
1891253,Racing de Córdoba,ARG,13 dic 2003,20 años,D,15,ARG,20 años,,[],[]
971215,Racing de Córdoba,ARG,26 abr 1992,32 años,187 cm,Derecho,G,1,49K €,[],[]
1117242,Racing de Córdoba,,Número de Camiseta,12,G,12,,,,[],[]
1627973,San Miguel,ARG,6 sept 1996,28 años,174 cm,Derecho,F,9,,[],[]
884828,San Miguel,ARG,17 jul 1998,26 años,180 cm,Ambos,F,9,77K €,[],[]
1627966,San Miguel,,Posición,F,15,32 años,F,15,,[],[]
791141,San Miguel,ARG,20 ene 1992,32 años,188 cm,Izquierdo,F,11,110K €,[],[]
1110286,San Miguel,ARG,19 ago 1991,33 años,174 cm,Derecho,F,7,52K €,[],[]
1092303,San Miguel,ARG,11 mar 1995,29 años,167 cm,Izquierdo,F,18,160K €,[],[]
557108,San Miguel,ARG,23 ago 1995,29 años,177 cm,Derecho,M,19,210K €,[],[]
1464853,San Miguel,ARG,3 oct 2002,22 años,Derecho,M,5,ARG,,[],[]
831452,San Miguel,ARG,28 sept 1996,28 años,168 cm,Derecho,M,ARG,26K €,[],[]
796102,San Miguel,ARG,24 oct 1991,33 años,178 cm,Derecho,M,11,155K €,[],[]
942371,San Miguel,ARG,3 ene 1991,33 años,M,8,ARG,33 años,,[],[]
944159,San Miguel,ARG,13 may 1992,32 años,177 cm,Derecho,M,20,26K €,[],[]
973989,San Miguel,ARG,20 jul 1994,30 años,179 cm,Derecho,M,20,26K €,[],[]
1478395,San Miguel,ARG,22 dic 1996,27 años,M,17,ARG,27 años,,[],[]
1627955,San Miguel,,Posición,M,10,27 años,M,10,,[],[]
1627986,San Miguel,,Posición,M,17,22 años,M,17,,[],[]
974033,San Miguel,COL,24 sept 1995,29 años,180 cm,Derecho,D,20,49K €,[],[]
846567,San Miguel,ARG,29 may 1996,28 años,173 cm,Izquierdo,D,16,180K €,[],[]
1798790,San Miguel,ARG,26 mar 2003,21 años,186 cm,D,13,ARG,24K €,[],[]
155701,San Miguel,ARG,6 abr 1995,29 años,170 cm,Izquierdo,D,6,130K €,[],[]
1185238,San Miguel,ARG,16 ago 1996,28 años,179 cm,Derecho,D,5,365K €,[],[]
1598512,San Miguel,ARG,16 dic 1999,24 años,176 cm,Izquierdo,D,3,130K €,[],[]
973551,San Miguel,ARG,23 abr 1998,26 años,179 cm,Derecho,D,11,71K €,[],[]
973649,San Miguel,ARG,31 oct 1996,28 años,180 cm,Izquierdo,D,14,27K €,[],[]
883236,San Miguel,ARG,25 feb 1994,30 años,184 cm,Izquierdo,D,2,350K €,[],[]
973516,San Miguel,ARG,30 ago 1998,26 años,180 cm,Derecho,D,13,52K €,[],[]
1214749,San Miguel,ARG,11 abr 1993,31 años,175 cm,Derecho,D,15,,[],[]
1478396,Deportivo Armenio,ARG,30 may 2000,24 años,D,19,ARG,24 años,,[],[]
1104124,San Miguel,ARG,9 jun 1992,32 años,184 cm,Derecho,G,1,26K €,[],[]
875307,San Miguel,ARG,22 jul 1996,28 años,185 cm,Derecho,G,12,,[],[]
939948,San Miguel,ARG,10 ago 1999,25 años,191 cm,Derecho,G,12,,[],[]
1891534,San Miguel,ARG,Número de Camiseta,13,ARG,13,,,,[],[]
1931293,San Miguel,,,,,,,,,[],[]
1022776,Club Ferro Carril Oeste,ARG,20 ene 1996,28 años,188 cm,Derecho,F,9,235K €,[],[]
1125263,Club Ferro Carril Oeste,ARG,30 nov 1995,28 años,192 cm,Derecho,F,20,190K €,[],[]
1958683,Club Ferro Carril Oeste,,Número de Camiseta,20,F,20,,,,[],[]
842865,Club Ferro Carril Oeste,ARG,20 jun 1990,34 años,163 cm,Izquierdo,M,10,300K €,[],[]
1190103,Club Ferro Carril Oeste,ARG,6 feb 1999,25 años,175 cm,Derecho,M,7,535K €,[],[]
340899,Club Ferro Carril Oeste,ARG,19 abr 1992,32 años,174 cm,Ambos,M,16,160K €,[],[]
1086926,Club Ferro Carril Oeste,ARG,18 may 2001,23 años,178 cm,Izquierdo,M,36,105K €,[],[]
874957,Club Ferro Carril Oeste,URU,30 may 1998,26 años,176 cm,Derecho,M,11,120K €,[],[]
974689,Club Ferro Carril Oeste,ARG,12 may 2000,24 años,180 cm,Derecho,M,18,130K €,[],[]
122635,Club Ferro Carril Oeste,ARG,2 abr 1991,33 años,180 cm,Izquierdo,M,17,145K €,[],[]
1388385,Club Ferro Carril Oeste,ARG,6 may 2002,22 años,170 cm,Izquierdo,M,19,210K €,[],[]
897102,Club Ferro Carril Oeste,ARG,25 feb 1996,28 años,179 cm,Izquierdo,M,5,160K €,[],[]
1117104,Club Ferro Carril Oeste,,Altura,166 cm,M,16,22 años,166 cm,,[],[]
1131026,Club Ferro Carril Oeste,ARG,6 ene 2000,24 años,176 cm,Izquierdo,M,15,135K €,[],[]
943167,Club Ferro Carril Oeste,ARG,28 feb 1997,27 años,180 cm,Derecho,M,11,210K €,[],[]
915163,Club Ferro Carril Oeste,ARG,3 ene 1997,27 años,169 cm,Derecho,M,8,47K €,[],[]
1883873,Club Ferro Carril Oeste,ARG,Posición,M,19,ARG,M,19,,[],[]
1894171,Club Ferro Carril Oeste,,Posición,M,8,19 años,M,8,,[],[]
1908115,Club Ferro Carril Oeste,ARG,29 may 2004,20 años,M,19,ARG,20 años,,[],[]
1086294,Club Ferro Carril Oeste,ARG,8 may 2001,23 años,180 cm,Izquierdo,D,14,26K €,[],[]
871763,Club Ferro Carril Oeste,ARG,2 jun 1998,26 años,183 cm,Derecho,D,2,340K €,[],[]
1092329,Club Ferro Carril Oeste,ARG,28 ene 1998,26 años,186 cm,Derecho,D,6,195K €,[],[]
896790,Club Ferro Carril Oeste,ARG,27 jul 1998,26 años,179 cm,Derecho,D,4,81K €,[],[]
889493,Club Ferro Carril Oeste,ARG,17 oct 1989,35 años,186 cm,Derecho,D,2,90K €,[],[]
971201,Club Ferro Carril Oeste,ARG,4 ene 1997,27 años,176 cm,Derecho,D,4,170K €,[],[]
1213805,Club Ferro Carril Oeste,ARG,29 may 1998,26 años,176 cm,Izquierdo,D,3,140K €,[],[]
1903382,Club Ferro Carril Oeste,,Posición,D,13,21 años,D,13,,[],[]
992101,Club Ferro Carril Oeste,ARG,28 feb 1989,35 años,185 cm,Derecho,G,1,82K €,[],[]
1398566,Club Ferro Carril Oeste,ARG,22 jul 2002,22 años,178 cm,Derecho,G,12,140K €,[],[]
1860818,Club Ferro Carril Oeste,ARG,25 mar 2004,20 años,Derecho,G,12,ARG,,[],[]
1903383,Club Ferro Carril Oeste,,Número de Camiseta,14,,,,,,[],[]
898764,Agropecuario Argentino,ARG,5 mar 1993,31 años,177 cm,Derecho,F,11,260K €,[],[]
340521,Agropecuario Argentino,ARG,6 ago 1989,35 años,180 cm,Derecho,F,9,23K €,[],[]
1485091,Agropecuario Argentino,ARG,21 feb 2003,21 años,F,19,ARG,21 años,,[],[]
1894523,Agropecuario Argentino,ARG,1 mar 2004,20 años,Derecho,F,ARG,20 años,,[],[]
1186070,Gimnasia y Esgrima,ARG,10 jul 2003,21 años,F,20,ARG,21 años,,[],[]
941083,Agropecuario Argentino,ARG,3 jun 1998,26 años,176 cm,Derecho,M,11,475K €,[],[]
795362,Agropecuario Argentino,ARG,11 ene 1996,28 años,180 cm,Derecho,M,10,435K €,[],[]
789921,Agropecuario Argentino,ARG,31 ene 1989,35 años,178 cm,Derecho,M,5,145K €,[],[]
990046,Agropecuario Argentino,ARG,31 may 1993,31 años,182 cm,Derecho,M,15,130K €,[],[]
1974067,Agropecuario Argentino,,Número de Camiseta,19,M,19,,,,[],[]
249309,Agropecuario Argentino,ARG,19 mar 1990,34 años,182 cm,Izquierdo,M,11,105K €,[],[]
1087717,Agropecuario Argentino,ARG,16 ene 1992,32 años,180 cm,Derecho,M,14,210K €,[],[]
1468709,Agropecuario Argentino,ARG,5 ago 1995,29 años,175 cm,Derecho,M,17,73K €,[],[]
223904,Agropecuario Argentino,ARG,13 nov 1989,35 años,175 cm,Derecho,M,16,97K €,[],[]
255969,Agropecuario Argentino,ARG,24 feb 1988,36 años,177 cm,Derecho,M,7,,[],[]
928937,Agropecuario Argentino,ARG,9 sept 1996,28 años,178 cm,Derecho,M,16,105K €,[],[]
1109367,Agropecuario Argentino,ARG,30 jul 1997,27 años,181 cm,Ambos,M,7,78K €,[],[]
291369,Agropecuario Argentino,ARG,26 feb 1992,32 años,185 cm,Derecho,D,2,270K €,[],[]
974650,Agropecuario Argentino,ARG,19 jul 1998,26 años,188 cm,Derecho,D,6,110K €,[],[]
922442,Agropecuario Argentino,ARG,5 may 1998,26 años,178 cm,Derecho,D,8,415K €,[],[]
1109105,Agropecuario Argentino,ARG,27 may 2000,24 años,182 cm,Izquierdo,D,3,120K €,[],[]
933168,Agropecuario Argentino,ARG,3 oct 1992,32 años,186 cm,Derecho,D,13,215K €,[],[]
1110290,Agropecuario Argentino,ARG,11 ago 1994,30 años,170 cm,Izquierdo,D,18,69K €,[],[]
1112783,Agropecuario Argentino,ARG,31 may 2000,24 años,185 cm,Derecho,D,4,,[],[]
889505,Agropecuario Argentino,ARG,4 feb 1986,38 años,177 cm,Derecho,G,12,26K €,[],[]
932936,Agropecuario Argentino,ARG,14 oct 1988,36 años,182 cm,Derecho,G,1,,[],[]
1112830,Agropecuario Argentino,ARG,19 dic 1998,25 años,191 cm,Derecho,G,12,23K €,[],[]
1887086,Agropecuario Argentino,,Número de Camiseta,19,,,,,,[],[]
1021876,Tristán Suárez,ARG,15 ene 1996,28 años,177 cm,Derecho,F,7,230K €,[],[]
966511,Tristán Suárez,ARG,13 jul 1998,26 años,178 cm,Derecho,F,20,140K €,[],[]
1501706,Tristán Suárez,ARG,6 may 2002,22 años,173 cm,Derecho,F,17,54K €,[],[]
1822324,Tristán Suárez,ARG,24 mar 2003,21 años,F,20,ARG,21 años,,[],[]
1654073,Tristán Suárez,ARG,4 oct 1998,26 años,179 cm,Derecho,F,9,71K €,[],[]
1017431,Tristán Suárez,ARG,16 feb 2002,22 años,170 cm,Izquierdo,M,11,77K €,[],[]
1394058,Tristán Suárez,ARG,25 jul 2002,22 años,175 cm,Derecho,M,4,185K €,[],[]
1086334,Tristán Suárez,ARG,26 jul 2001,23 años,179 cm,Derecho,M,16,135K €,[],[]
327319,Tristán Suárez,ARG,29 nov 1994,29 años,172 cm,Derecho,M,16,24K €,[],[]
789948,Tristán Suárez,ARG,17 jul 1987,37 años,177 cm,Derecho,M,9,26K €,[],[]
1387036,Tristán Suárez,ARG,13 nov 1998,26 años,186 cm,Derecho,M,5,52K €,[],[]
1180582,Tristán Suárez,ARG,21 sept 2000,24 años,182 cm,Izquierdo,M,10,105K €,[],[]
1018419,Tristán Suárez,ARG,11 ene 1998,26 años,171 cm,Derecho,M,19,71K €,[],[]
144191,Tristán Suárez,ARG,26 oct 1987,37 años,168 cm,Izquierdo,M,18,77K €,[],[]
358990,Tristán Suárez,ARG,5 jul 1996,28 años,176 cm,Derecho,M,ARG,26K €,[],[]
1654196,Ferrocarril Midland,ARG,30 jun 2001,23 años,179 cm,Derecho,M,8,,[],[]
1184300,Tristán Suárez,ARG,7 nov 1995,29 años,169 cm,Derecho,M,17,47K €,[],[]
1017439,Tristán Suárez,ARG,6 dic 2000,23 años,185 cm,Izquierdo,D,6,145K €,[],[]
989991,Tristán Suárez,ARG,8 sept 1997,27 años,182 cm,Izquierdo,D,3,72K €,[],[]
1201518,Tristán Suárez,ARG,4 jul 2001,23 años,172 cm,Derecho,D,17,24K €,[],[]
1654072,Tristán Suárez,ARG,24 ago 2000,24 años,171 cm,Izquierdo,D,18,26K €,[],[]
250337,Tristán Suárez,ARG,15 may 1992,32 años,180 cm,Derecho,D,13,27K €,[],[]
856035,Tristán Suárez,ARG,22 ene 1990,34 años,176 cm,Derecho,D,14,53K €,[],[]
938555,Tristán Suárez,ARG,10 mar 1992,32 años,184 cm,D,13,ARG,97K €,[],[]
944699,Tristán Suárez,ARG,5 dic 1994,29 años,178 cm,D,15,ARG,73K €,[],[]
1119882,Tristán Suárez,ARG,29 may 2000,24 años,188 cm,Derecho,D,2,115K €,[],[]
1479164,Tristán Suárez,ARG,1 ene 2003,21 años,187 cm,Izquierdo,D,13,47K €,[],[]
1493177,Tristán Suárez,ARG,23 mar 2000,24 años,187 cm,Izquierdo,D,ARG,24K €,[],[]
1545655,Tristán Suárez,ARG,16 may 1999,25 años,166 cm,Derecho,D,ARG,24K €,[],[]
1197974,Tristán Suárez,ARG,4 ago 1993,31 años,185 cm,Derecho,G,12,27K €,[],[]
875234,Tristán Suárez,ARG,8 ago 1996,28 años,178 cm,Derecho,G,1,54K €,[],[]
1823096,Tristán Suárez,,Número de Camiseta,19,,,,,,[],[]
1503513,Tristán Suárez,,Número de Camiseta,18,,,,,,[],[]
1654083,Tristán Suárez,,Número de Camiseta,8,,,,,,[],[]
1839241,Tristán Suárez,ARG,Número de Camiseta,13,ARG,13,,,,[],[]
1650465,Deportivo Maipú,ARG,28 ene 2002,22 años,Derecho,F,7,ARG,,[],[]
1392678,Deportivo Maipú,ARG,24 mar 1992,32 años,194 cm,Derecho,F,20,24K €,[],[]
1131025,Deportivo Maipú,ARG,20 ago 2002,22 años,187 cm,Derecho,F,9,190K €,[],[]
1201091,Deportivo Maipú,ARG,26 feb 2002,22 años,178 cm,F,19,ARG,,[],[]
922452,Deportivo Maipú,ARG,7 mar 1997,27 años,175 cm,Derecho,M,17,140K €,[],[]
989395,Deportivo Maipú,ARG,30 may 1998,26 años,183 cm,Izquierdo,M,11,190K €,[],[]
1471235,Deportivo Maipú,ARG,30 may 2001,23 años,169 cm,M,15,ARG,,[],[]
1657209,Deportivo Maipú,ARG,1 ene 2004,20 años,M,16,ARG,20 años,,[],[]
1846927,Deportivo Maipú,ARG,12 may 2005,19 años,180 cm,Derecho,M,17,,[],[]
249331,Deportivo Maipú,ARG,22 oct 1988,36 años,178 cm,Derecho,M,8,54K €,[],[]
890052,Deportivo Maipú,ARG,23 feb 1998,26 años,170 cm,M,18,ARG,69K €,[],[]
941471,Deportivo Maipú,ARG,14 ago 1996,28 años,182 cm,Derecho,M,10,77K €,[],[]
1087336,Deportivo Maipú,ARG,2 ene 2000,24 años,173 cm,Derecho,M,15,165K €,[],[]
1128477,Deportivo Maipú,ARG,30 may 1997,27 años,187 cm,Derecho,M,5,52K €,[],[]
1093193,Deportivo Maipú,ARG,5 may 2000,24 años,180 cm,Derecho,D,6,140K €,[],[]
800242,Deportivo Maipú,ARG,9 feb 1996,28 años,174 cm,Izquierdo,D,3,79K €,[],[]
884931,Deportivo Maipú,ARG,23 sept 1997,27 años,175 cm,Derecho,D,4,275K €,[],[]
1110008,Deportivo Maipú,ARG,5 mar 2000,24 años,186 cm,Izquierdo,D,6,24K €,[],[]
1117027,Deportivo Maipú,ARG,3 sept 2001,23 años,177 cm,Derecho,D,14,95K €,[],[]
1201019,Deportivo Maipú,ARG,9 sept 2002,22 años,188 cm,Derecho,D,13,73K €,[],[]
1650470,Deportivo Maipú,ARG,30 mar 2002,22 años,D,2,ARG,22 años,,[],[]
1512720,Deportivo Maipú,ARG,9 sept 2002,22 años,188 cm,Derecho,D,13,73K €,[],[]
129165,Deportivo Maipú,URU,19 ago 1986,38 años,184 cm,Derecho,G,1,260K €,[],[]
860070,Deportivo Maipú,ARG,5 ago 1997,27 años,183 cm,Izquierdo,G,12,69K €,[],[]
1604878,Deportivo Maipú,,Número de Camiseta,3,,,,,,[],[]
1872975,Deportivo Maipú,ARG,Número de Camiseta,13,ARG,13,,,,[],[]
1957538,Deportivo Maipú,,Número de Camiseta,18,,,,,,[],[]
1979810,Deportivo Maipú,,Número de Camiseta,17,,,,,,[],[]
898767,Güemes,PAR,22 jun 1988,36 años,193 cm,Derecho,F,20,47K €,[],[]
1597480,Güemes,ARG,29 sept 2001,23 años,182 cm,Derecho,F,7,27K €,[],[]
1111802,Güemes,ARG,6 oct 1988,36 años,180 cm,Derecho,F,19,,[],[]
1654395,Güemes,,Número de Camiseta,19,F,19,,,,[],[]
1887080,Güemes,ARG,3 oct 1996,28 años,178 cm,Derecho,F,9,,[],[]
166045,Güemes,URU,8 may 1989,35 años,178 cm,Derecho,M,5,54K €,[],[]
871808,Güemes,ARG,21 mar 1997,27 años,174 cm,Derecho,M,8,155K €,[],[]
1098306,Güemes,ARG,28 ago 1996,28 años,174 cm,Derecho,M,18,140K €,[],[]
875141,Güemes,ARG,14 jul 1997,27 años,180 cm,Derecho,M,16,27K €,[],[]
896720,Güemes,ARG,23 jul 1995,29 años,170 cm,Derecho,M,ARG,55K €,[],[]
957841,Güemes,ARG,16 jun 1995,29 años,176 cm,Derecho,M,10,27K €,[],[]
991135,Güemes,ARG,24 feb 1993,31 años,172 cm,Derecho,M,5,69K €,[],[]
1001923,Güemes,ARG,1 sept 1996,28 años,170 cm,M,17,ARG,77K €,[],[]
1087058,Güemes,ARG,1 feb 2000,24 años,M,13,ARG,24 años,,[],[]
1389869,Atlético Paraná,ARG,11 jun 1999,25 años,M,16,ARG,25 años,,[],[]
1134870,Güemes,ARG,30 jun 2000,24 años,180 cm,Izquierdo,M,11,52K €,[],[]
1654488,Güemes,ARG,26 dic 1997,26 años,M,7,ARG,26 años,,[],[]
974709,Güemes,ARG,25 ago 1998,26 años,177 cm,Derecho,D,8,220K €,[],[]
358500,Güemes,ARG,19 feb 1991,33 años,191 cm,Derecho,D,13,,[],[]
790026,Güemes,ARG,15 dic 1988,35 años,179 cm,Derecho,D,13,27K €,[],[]
798838,Güemes,ARG,7 nov 1995,29 años,184 cm,Izquierdo,D,2,70K €,[],[]
33236,Güemes,ARG,5 ago 1989,35 años,185 cm,Derecho,D,6,27K €,[],[]
895213,Güemes,ARG,26 mar 1993,31 años,179 cm,Derecho,D,14,155K €,[],[]
951082,Güemes,ARG,3 ago 1990,34 años,176 cm,Izquierdo,D,3,,[],[]
1196555,Güemes,ARG,28 mar 1995,29 años,174 cm,Izquierdo,D,15,24K €,[],[]
1654489,Güemes,ARG,16 dic 1998,25 años,Derecho,D,4,ARG,,[],[]
1941757,Güemes,ARG,1 sept 1996,28 años,170 cm,D,17,ARG,,[],[]
789454,Güemes,ARG,5 abr 1986,38 años,186 cm,Derecho,G,12,,[],[]
932868,Güemes,ARG,13 nov 1996,28 años,186 cm,Izquierdo,G,1,23K €,[],[]
1468303,Güemes,,Número de Camiseta,20,,,,,,[],[]
1901967,Güemes,,Número de Camiseta,9,,,,,,[],[]
1971974,Güemes,,Número de Camiseta,12,,,,,,[],[]
992514,Club Atlético Chacarita Juniors,ARG,4 jun 1986,38 años,186 cm,Izquierdo,F,9,73K €,[],[]
938560,Club Atlético Chacarita Juniors,ARG,12 sept 1992,32 años,190 cm,Ambos,F,9,265K €,[],[]
1018462,Club Atlético Chacarita Juniors,ARG,19 may 2000,24 años,186 cm,Derecho,F,20,81K €,[],[]
339871,Club Atlético Chacarita Juniors,ARG,21 ago 1992,32 años,190 cm,Izquierdo,F,ARG,210K €,[],[]
1972420,Club Atlético Chacarita Juniors,ARG,10 feb 2005,19 años,F,ARG,19 años,F,,[],[]
1067810,Club Atlético Chacarita Juniors,ARG,20 nov 2001,22 años,174 cm,Derecho,M,18,310K €,[],[]
579384,Club Atlético Chacarita Juniors,ARG,13 dic 1991,32 años,166 cm,Izquierdo,M,7,290K €,[],[]
895357,Club Atlético Chacarita Juniors,ARG,29 mar 1993,31 años,175 cm,Derecho,M,7,135K €,[],[]
250011,Club Atlético Chacarita Juniors,ARG,29 sept 1983,41 años,170 cm,Derecho,M,10,23K €,[],[]
994455,Club Atlético Chacarita Juniors,ARG,22 may 1998,26 años,175 cm,Derecho,M,5,90K €,[],[]
829936,Club Atlético Chacarita Juniors,ARG,10 sept 1996,28 años,174 cm,Derecho,M,5,440K €,[],[]
789378,Club Atlético Chacarita Juniors,ARG,27 mar 1990,34 años,168 cm,Izquierdo,M,18,195K €,[],[]
897060,Club Atlético Chacarita Juniors,ARG,28 abr 1994,30 años,171 cm,Derecho,M,15,285K €,[],[]
1798778,Club Atlético Chacarita Juniors,ARG,7 may 2004,20 años,178 cm,Derecho,M,4,130K €,[],[]
895335,Club Atlético Chacarita Juniors,ARG,9 feb 1999,25 años,165 cm,Derecho,M,19,120K €,[],[]
350086,Club Atlético Chacarita Juniors,ARG,21 ene 1996,28 años,170 cm,Derecho,M,17,105K €,[],[]
1119874,Club Atlético Chacarita Juniors,,Número de Camiseta,16,M,16,,,,[],[]
1522875,Club Atlético Chacarita Juniors,ARG,22 oct 2004,20 años,M,11,ARG,20 años,,[],[]
1084973,Club Atlético Chacarita Juniors,ARG,16 feb 2000,24 años,175 cm,Izquierdo,M,17,95K €,[],[]
1127491,Club Atlético Chacarita Juniors,,Posición,M,18,23 años,M,18,,[],[]
871814,Club Atlético Chacarita Juniors,ARG,19 feb 1998,26 años,185 cm,D,4,ARG,290K €,[],[]
1020496,Club Atlético Chacarita Juniors,ARG,1 ene 2001,23 años,170 cm,Izquierdo,D,3,140K €,[],[]
885583,Club Atlético Chacarita Juniors,ARG,13 ene 1990,34 años,188 cm,Derecho,D,2,105K €,[],[]
1404549,Club Atlético Chacarita Juniors,ARG,10 jul 2004,20 años,D,6,ARG,20 años,,[],[]
1384649,Club Atlético Chacarita Juniors,ARG,15 mar 2001,23 años,180 cm,Derecho,D,14,80K €,[],[]
992104,Club Atlético Chacarita Juniors,ARG,20 nov 1997,26 años,174 cm,D,17,ARG,54K €,[],[]
263475,Club Atlético Chacarita Juniors,ARG,30 nov 1992,31 años,187 cm,D,2,ARG,48K €,[],[]
1491153,Club Atlético Chacarita Juniors,ARG,22 abr 2001,23 años,188 cm,D,2,ARG,,[],[]
1891111,Club Atlético Chacarita Juniors,ARG,Posición,D,6,ARG,D,6,,[],[]
895309,Club Atlético Chacarita Juniors,ARG,7 nov 1997,27 años,170 cm,Izquierdo,D,3,23K €,[],[]
1897541,Club Atlético Chacarita Juniors,ARG,Altura,177 cm,D,8,ARG,177 cm,,[],[]
1966879,Club Atlético Chacarita Juniors,ARG,24 oct 2005,19 años,D,13,ARG,19 años,,[],[]
870122,Club Atlético Chacarita Juniors,PAR,19 ene 1998,26 años,193 cm,Derecho,G,1,68K €,[],[]
1003020,Club Atlético Chacarita Juniors,ARG,28 mar 2002,22 años,183 cm,Derecho,G,12,145K €,[],[]
1883869,Club Atlético Chacarita Juniors,,Número de Camiseta,16,,,,,,[],[]
1966878,Club Atlético Chacarita Juniors,,24 oct 2005,19 años,,,,,,[],[]
1199249,Alvarado,ARG,3 ene 2004,20 años,181 cm,Derecho,F,20,160K €,[],[]
987080,CD Nueva Santa Cruz,COL,14 ago 1998,26 años,184 cm,Derecho,F,15,93K €,[],[]
1393285,Alvarado,ARG,26 nov 2002,21 años,187 cm,Derecho,F,16,120K €,[],[]
1836878,Alvarado,ARG,Posición,F,18,ARG,F,18,,[],[]
806381,Alvarado,ARG,7 ene 1995,29 años,190 cm,Derecho,F,9,240K €,[],[]
1116586,Alvarado,ARG,25 feb 2001,23 años,183 cm,Derecho,F,20,46K €,[],[]
376740,Alvarado,ARG,8 feb 1997,27 años,168 cm,Derecho,M,18,155K €,[],[]
909107,Alvarado,ARG,25 abr 1997,27 años,168 cm,Derecho,M,16,155K €,[],[]
879873,Alvarado,ARG,24 nov 1997,26 años,169 cm,Izquierdo,M,11,130K €,[],[]
943795,Alvarado,ARG,22 jul 1999,25 años,175 cm,Derecho,M,10,260K €,[],[]
859659,Alvarado,ARG,21 ene 1996,28 años,177 cm,Izquierdo,M,5,71K €,[],[]
583664,Alvarado,ARG,5 sept 1989,35 años,181 cm,Derecho,M,15,53K €,[],[]
988615,Alvarado,ARG,16 sept 1995,29 años,183 cm,Izquierdo,M,19,130K €,[],[]
1095031,Alvarado,ARG,10 may 2000,24 años,174 cm,Derecho,M,19,240K €,[],[]
908526,Alvarado,ARG,1 sept 1996,28 años,183 cm,Izquierdo,M,8,145K €,[],[]
1187976,Alvarado,ARG,14 mar 1995,29 años,177 cm,Derecho,M,9,97K €,[],[]
1387230,Alvarado,ARG,Posición,M,16,ARG,M,16,,[],[]
929000,Alvarado,ARG,20 may 1998,26 años,178 cm,Izquierdo,D,3,185K €,[],[]
882598,Alvarado,ARG,4 mar 1995,29 años,188 cm,Derecho,D,4,415K €,[],[]
1654448,Alvarado,ARG,9 ene 2003,21 años,Izquierdo,D,13,ARG,,[],[]
906814,Alvarado,ARG,19 ene 1996,28 años,180 cm,Derecho,D,14,185K €,[],[]
906816,Alvarado,ARG,16 ene 1995,29 años,194 cm,Izquierdo,D,6,130K €,[],[]
895337,Alvarado,ARG,10 oct 1998,26 años,167 cm,Derecho,D,7,97K €,[],[]
1018452,Alvarado,ARG,18 may 1999,25 años,189 cm,Ambos,D,2,26K €,[],[]
892450,Alvarado,ARG,17 feb 1998,26 años,183 cm,Derecho,D,2,230K €,[],[]
892473,Alvarado,ARG,25 abr 1997,27 años,187 cm,Derecho,G,12,120K €,[],[]
340477,Alvarado,ARG,12 dic 1992,31 años,182 cm,Izquierdo,G,1,49K €,[],[]
1918373,Alvarado,,Número de Camiseta,17,,,,,,[],[]
1538023,Alvarado,,Número de Camiseta,14,,,,,,[],[]
125886,Patronato,COL,18 dic 1991,32 años,185 cm,Derecho,F,20,160K €,[],[]
828867,Patronato,ARG,4 jul 1988,36 años,176 cm,Derecho,F,11,185K €,[],[]
974679,Patronato,ARG,8 jul 1993,31 años,170 cm,Derecho,F,7,190K €,[],[]
1467902,Patronato,ARG,29 ene 1999,25 años,175 cm,Derecho,F,ARG,24K €,[],[]
1512353,Patronato,ARG,1 ene 2003,21 años,179 cm,F,20,ARG,52K €,[],[]
1653775,Patronato,URU,23 ago 2000,24 años,182 cm,Izquierdo,F,19,265K €,[],[]
941534,Patronato,ARG,6 may 1996,28 años,191 cm,Derecho,F,9,140K €,[],[]
859698,Patronato,ARG,25 mar 1997,27 años,179 cm,Derecho,M,16,195K €,[],[]
922449,Patronato,ARG,28 mar 1997,27 años,176 cm,Izquierdo,M,7,160K €,[],[]
896738,Patronato,ARG,15 jul 1996,28 años,167 cm,Derecho,M,5,145K €,[],[]
1097721,Patronato,ARG,11 abr 2001,23 años,178 cm,Derecho,M,17,55K €,[],[]
992108,Patronato,ARG,2 dic 1997,26 años,176 cm,Derecho,M,18,360K €,[],[]
1186317,Patronato,ARG,18 abr 2002,22 años,167 cm,Izquierdo,M,17,77K €,[],[]
1214766,Patronato,ARG,13 jun 2000,24 años,166 cm,Derecho,M,17,160K €,[],[]
340957,Patronato,ARG,13 may 1989,35 años,173 cm,Derecho,M,19,52K €,[],[]
1116307,Patronato,ARG,13 ago 2000,24 años,180 cm,Derecho,M,14,26K €,[],[]
1510913,Patronato,ARG,27 ago 2003,21 años,175 cm,Derecho,M,15,46K €,[],[]
1597485,Patronato,ARG,18 abr 2002,22 años,Izquierdo,M,8,ARG,,[],[]
868363,Patronato,ARG,28 mar 1996,28 años,174 cm,Derecho,D,4,145K €,[],[]
913607,Patronato,ARG,25 mar 1997,27 años,190 cm,Derecho,D,13,110K €,[],[]
829754,Patronato,ARG,5 jul 1992,32 años,176 cm,Izquierdo,D,3,97K €,[],[]
895930,Patronato,ARG,2 abr 1996,28 años,191 cm,Derecho,D,13,155K €,[],[]
1467894,Patronato,ARG,14 ago 2001,23 años,168 cm,Derecho,D,15,,[],[]
878716,Patronato,ARG,12 ene 1992,32 años,173 cm,Izquierdo,D,10,26K €,[],[]
1182422,Patronato,ARG,24 sept 1995,29 años,184 cm,Izquierdo,D,6,24K €,[],[]
1474917,Patronato,ARG,15 jun 2001,23 años,190 cm,Derecho,D,13,,[],[]
1485504,Patronato,ARG,9 jun 2002,22 años,191 cm,Derecho,D,6,,[],[]
896747,Patronato,ARG,31 may 1996,28 años,176 cm,Derecho,D,14,140K €,[],[]
1390864,Patronato,ARG,22 ene 2002,22 años,188 cm,Derecho,D,2,49K €,[],[]
1518750,Patronato,ARG,25 may 2003,21 años,D,2,ARG,21 años,,[],[]
989851,Patronato,ARG,22 mar 2001,23 años,189 cm,Derecho,G,ARG,26K €,[],[]
895215,Patronato,ARG,18 may 1987,37 años,185 cm,Derecho,G,1,27K €,[],[]
1186315,Patronato,ARG,25 nov 1999,24 años,187 cm,Derecho,G,12,27K €,[],[]
1907974,Patronato,,Número de Camiseta,17,,,,,,[],[]
1979832,Patronato,,Número de Camiseta,18,,,,,,[],[]
966177,Arsenal de Sarandí,ARG,10 mar 2000,24 años,183 cm,Derecho,F,14,205K €,[],[]
913609,Arsenal de Sarandí,ARG,1 ene 1998,26 años,179 cm,Derecho,F,9,240K €,[],[]
1485382,Arsenal de Sarandí,ARG,6 mar 2003,21 años,F,20,ARG,21 años,,[],[]
1799659,Arsenal de Sarandí,,Número de Camiseta,18,F,18,,,,[],[]
1802479,Arsenal de Sarandí,ARG,21 ene 2003,21 años,179 cm,Derecho,F,20,23K €,[],[]
1807646,FC Iberia 1999 II,ARG,21 ene 2003,21 años,180 cm,Izquierdo,F,18,,[],[]
1879943,Arsenal de Sarandí,,Número de Camiseta,54,F,54,,,,[],[]
960016,Arsenal de Sarandí,ARG,18 ene 2000,24 años,173 cm,Izquierdo,M,10,910K €,[],[]
34116,Arsenal de Sarandí,ARG,8 abr 1985,39 años,173 cm,Derecho,M,5,,[],[]
1003022,Arsenal de Sarandí,ARG,7 abr 2002,22 años,179 cm,Izquierdo,M,18,120K €,[],[]
1613988,Arsenal de Sarandí,ARG,23 feb 2004,20 años,M,11,ARG,20 años,,[],[]
976228,Arsenal de Sarandí,ARG,13 mar 2000,24 años,169 cm,Izquierdo,M,8,54K €,[],[]
1095007,Arsenal de Sarandí,ARG,5 nov 2001,23 años,172 cm,Izquierdo,M,7,160K €,[],[]
1185974,Arsenal de Sarandí,ITA,25 abr 2003,21 años,171 cm,Derecho,M,15,,[],[]
1653801,Arsenal de Sarandí,ARG,21 jun 1999,25 años,Derecho,M,7,ARG,,[],[]
1426170,Arsenal de Sarandí,ARG,24 abr 2003,21 años,178 cm,Izquierdo,M,17,,[],[]
1799657,Arsenal de Sarandí,ARG,23 abr 2004,20 años,Derecho,M,16,ARG,,[],[]
1466649,Arsenal de Sarandí,ARG,6 abr 2004,20 años,M,14,ARG,20 años,,[],[]
1131023,Arsenal de Sarandí,ARG,10 ago 2001,23 años,187 cm,Derecho,D,6,145K €,[],[]
1086907,Arsenal de Sarandí,ARG,1 mar 2004,20 años,184 cm,Derecho,D,19,52K €,[],[]
1114485,Arsenal de Sarandí,ARG,1 ago 2002,22 años,174 cm,Derecho,D,4,105K €,[],[]
850892,Arsenal de Sarandí,ARG,22 jul 1999,25 años,177 cm,Derecho,D,2,77K €,[],[]
1182248,Arsenal de Sarandí,ARG,17 feb 2003,21 años,179 cm,Izquierdo,D,3,97K €,[],[]
1914295,Arsenal de Sarandí,,Número de Camiseta,15,D,15,,,,[],[]
1087040,Arsenal de Sarandí,ARG,13 ago 2001,23 años,187 cm,Derecho,G,12,,[],[]
1086974,Arsenal de Sarandí,ARG,23 may 2000,24 años,190 cm,Derecho,G,1,55K €,[],[]
1018400,Arsenal de Sarandí,ARG,19 may 2000,24 años,180 cm,Derecho,G,1,26K €,[],[]
1858462,Arsenal de Sarandí,ARG,Número de Camiseta,13,ARG,13,,,,[],[]
1907200,Arsenal de Sarandí,,Número de Camiseta,15,,,,,,[],[]
1198495,Talleres Remedios de Escalada,ARG,28 ene 1999,25 años,198 cm,Derecho,F,9,97K €,[],[]
1020530,Talleres Remedios de Escalada,ARG,23 sept 1999,25 años,189 cm,Derecho,F,11,24K €,[],[]
966484,Talleres Remedios de Escalada,ARG,15 ene 1999,25 años,180 cm,Derecho,F,22,52K €,[],[]
925013,Talleres Remedios de Escalada,ARG,17 mar 1992,32 años,182 cm,Derecho,F,23,190K €,[],[]
1627943,Talleres Remedios de Escalada,ARG,7 ene 1998,26 años,178 cm,Derecho,F,18,26K €,[],[]
896727,Talleres Remedios de Escalada,ARG,23 mar 1996,28 años,180 cm,Derecho,M,5,81K €,[],[]
896925,Talleres Remedios de Escalada,ARG,16 sept 1985,39 años,171 cm,Derecho,M,10,,[],[]
906806,Talleres Remedios de Escalada,ARG,23 feb 1996,28 años,170 cm,Derecho,M,7,24K €,[],[]
1111534,Talleres Remedios de Escalada,ARG,2 may 1998,26 años,177 cm,Izquierdo,M,14,55K €,[],[]
1097734,Talleres Remedios de Escalada,ARG,3 abr 2001,23 años,179 cm,Izquierdo,M,20,,[],[]
940614,Talleres Remedios de Escalada,ARG,20 may 1999,25 años,176 cm,Derecho,M,18,105K €,[],[]
1627958,Talleres Remedios de Escalada,ARG,13 jun 1999,25 años,170 cm,Derecho,M,17,,[],[]
1627962,Talleres Remedios de Escalada,,Posición,M,21,21 años,M,21,,[],[]
789845,Talleres Remedios de Escalada,ARG,28 feb 1995,29 años,180 cm,Derecho,M,8,105K €,[],[]
830704,Talleres Remedios de Escalada,ARG,24 nov 1993,30 años,179 cm,Derecho,M,18,46K €,[],[]
1214062,Talleres Remedios de Escalada,ARG,3 abr 1996,28 años,175 cm,Derecho,M,19,77K €,[],[]
1627942,Talleres Remedios de Escalada,,Posición,M,23,23 años,M,23,,[],[]
1121932,Talleres Remedios de Escalada,ARG,9 nov 1999,25 años,180 cm,Izquierdo,D,6,120K €,[],[]
122626,Talleres Remedios de Escalada,ARG,5 ene 1991,33 años,180 cm,Izquierdo,D,13,54K €,[],[]
1087032,Talleres Remedios de Escalada,ARG,21 feb 2002,22 años,166 cm,Izquierdo,D,33,,[],[]
1627956,Talleres Remedios de Escalada,ARG,19 dic 1996,27 años,185 cm,Derecho,D,5,93K €,[],[]
1108984,Talleres Remedios de Escalada,ARG,8 sept 1996,28 años,185 cm,Derecho,D,2,52K €,[],[]
789367,Talleres Remedios de Escalada,ARG,24 mar 1993,31 años,179 cm,Izquierdo,D,3,23K €,[],[]
943180,Talleres Remedios de Escalada,ARG,15 sept 1994,30 años,180 cm,Derecho,D,4,24K €,[],[]
1627939,Talleres Remedios de Escalada,ARG,24 oct 2002,22 años,Derecho,D,14,ARG,,[],[]
1645923,Talleres Remedios de Escalada,ARG,20 nov 2000,23 años,167 cm,Derecho,D,15,,[],[]
941475,Talleres Remedios de Escalada,ARG,23 sept 1995,29 años,190 cm,Derecho,G,1,110K €,[],[]
1627989,Talleres Remedios de Escalada,ARG,7 ene 2000,24 años,185 cm,Derecho,G,12,,[],[]
1923752,Talleres Remedios de Escalada,ARG,Nacionalidad,ARG,,,,,,[],[]
1925468,Talleres Remedios de Escalada,,Número de Camiseta,18,,,,,,[],[]
1940842,Talleres Remedios de Escalada,ARG,21 oct 2005,19 años,16,ARG,19 años,16,,[],[]
1964919,Talleres Remedios de Escalada,ARG,Nacionalidad,ARG,,,,,,[],[]
1485384,Estudiantes de La Plata,ARG,14 may 2003,21 años,178 cm,F,29,ARG,,[],[]
174509,Guillermo Brown,ARG,31 mar 1989,35 años,171 cm,Derecho,F,11,170K €,[],[]
922447,Guillermo Brown,ARG,12 may 2000,24 años,184 cm,Derecho,F,46,71K €,[],[]
926420,CA 3 de Febrero,PAR,9 feb 2000,24 años,F,9,PAR,24 años,,[],[]
1103048,Guillermo Brown,ARG,8 feb 2002,22 años,185 cm,Derecho,F,7,185K €,[],[]
971173,Guillermo Brown,COL,1 feb 1999,25 años,170 cm,Izquierdo,M,10,145K €,[],[]
843002,Guillermo Brown,ARG,24 dic 1987,36 años,175 cm,Derecho,M,8,23K €,[],[]
860053,Guillermo Brown,ARG,24 mar 1998,26 años,179 cm,Derecho,M,5,130K €,[],[]
868359,Guillermo Brown,ARG,22 ago 1997,27 años,171 cm,Derecho,M,17,82K €,[],[]
1065604,Guillermo Brown,ARG,15 abr 2002,22 años,180 cm,Derecho,M,19,,[],[]
1196560,Guillermo Brown,ARG,17 sept 1997,27 años,167 cm,Derecho,M,18,,[],[]
1654396,Guillermo Brown,,Número de Camiseta,20,M,20,,,,[],[]
1654496,Guillermo Brown,ARG,8 ago 2002,22 años,M,18,ARG,22 años,,[],[]
1117101,Argentinos Juniors,ARG,18 may 2002,22 años,184 cm,Derecho,D,6,,[],[]
976099,Guillermo Brown,URU,26 ene 1991,33 años,179 cm,Ambos,D,15,72K €,[],[]
875380,Guillermo Brown,ARG,23 feb 1996,28 años,183 cm,Derecho,D,2,185K €,[],[]
1200740,Club Atlético Unión de Santa Fe,ARG,6 ene 2002,22 años,168 cm,D,4,ARG,,[],[]
155698,Guillermo Brown,ARG,25 ene 1994,30 años,173 cm,Izquierdo,D,3,155K €,[],[]
871852,Guillermo Brown,ARG,6 dic 1996,27 años,174 cm,Izquierdo,D,16,140K €,[],[]
840764,Guillermo Brown,ARG,17 jun 1994,30 años,183 cm,Derecho,D,13,53K €,[],[]
1863007,Guillermo Brown,ARG,9 may 2002,22 años,172 cm,Derecho,D,ARG,,[],[]
1891465,Guillermo Brown,ARG,16 may 1994,30 años,D,14,ARG,30 años,,[],[]
973561,Godoy Cruz,ARG,23 nov 2001,22 años,180 cm,Derecho,G,1,,[],[]
174963,Guillermo Brown,ARG,28 feb 1990,34 años,186 cm,Derecho,G,12,73K €,[],[]
1512561,Guillermo Brown,ARG,17 ago 2001,23 años,184 cm,Derecho,12,ARG,,[],[]
1802277,Guillermo Brown,,Número de Camiseta,19,,,,,,[],[]
1654399,Guillermo Brown,,Número de Camiseta,16,,,,,,[],[]
